Province/territory,Indicator,Data year,Median Wait Time (Hours),Procedure Volume,Wait Time Improvement
Alberta,Bladder Cancer Surgery,2013,672.0,477.0,-144.0
Alberta,Bladder Cancer Surgery,2014,696.0,488.0,-144.0
Alberta,Bladder Cancer Surgery,2015,672.0,542.0,-144.0
Alberta,Bladder Cancer Surgery,2016,720.0,448.0,-144.0
Alberta,Bladder Cancer Surgery,2017,720.0,573.0,-144.0
Alberta,Bladder Cancer Surgery,2018,768.0,528.0,-144.0
Alberta,Bladder Cancer Surgery,2019,696.0,1149.0,-144.0
Alberta,Bladder Cancer Surgery,2020,480.0,1024.0,-144.0
Alberta,Bladder Cancer Surgery,2021,624.0,1080.0,-144.0
Alberta,Bladder Cancer Surgery,2022,720.0,977.0,-144.0
Alberta,Bladder Cancer Surgery,2023,816.0,1125.0,-144.0
Alberta,Breast Cancer Surgery,2013,360.0,1169.0,-168.0
Alberta,Breast Cancer Surgery,2014,480.0,1169.0,-168.0
Alberta,Breast Cancer Surgery,2015,480.0,1240.0,-168.0
Alberta,Breast Cancer Surgery,2016,480.0,1074.0,-168.0
Alberta,Breast Cancer Surgery,2017,456.0,1273.0,-168.0
Alberta,Breast Cancer Surgery,2018,480.0,1257.0,-168.0
Alberta,Breast Cancer Surgery,2019,408.0,1928.0,-168.0
Alberta,Breast Cancer Surgery,2020,360.0,1513.0,-168.0
Alberta,Breast Cancer Surgery,2021,432.0,1796.0,-168.0
Alberta,Breast Cancer Surgery,2022,504.0,1679.0,-168.0
Alberta,Breast Cancer Surgery,2023,528.0,2133.0,-168.0
Alberta,CABG,2013,288.0,465.0,96.0
Alberta,CABG,2014,144.0,542.0,96.0
Alberta,CABG,2015,144.0,540.0,96.0
Alberta,CABG,2016,144.0,524.0,96.0
Alberta,CABG,2017,240.0,503.0,96.0
Alberta,CABG,2018,191.52,533.0,96.0
Alberta,CABG,2019,168.0,549.0,96.0
Alberta,CABG,2020,192.0,419.0,96.0
Alberta,CABG,2021,144.48,474.0,96.0
Alberta,CABG,2022,168.0,444.0,96.0
Alberta,CABG,2023,192.0,501.0,96.0
Alberta,CT Scan,2013,312.0,65318.0,-408.0
Alberta,CT Scan,2014,288.0,67521.0,-408.0
Alberta,CT Scan,2015,408.0,68400.0,-408.0
Alberta,CT Scan,2016,648.0,80876.0,-408.0
Alberta,CT Scan,2017,720.0,75374.0,-408.0
Alberta,CT Scan,2018,528.0,81297.0,-408.0
Alberta,CT Scan,2019,576.0,83664.0,-408.0
Alberta,CT Scan,2020,744.0,80834.0,-408.0
Alberta,CT Scan,2021,312.0,89238.0,-408.0
Alberta,CT Scan,2022,408.0,76343.0,-408.0
Alberta,CT Scan,2023,720.0,80343.0,-408.0
Alberta,Cataract surgery,2013,1896.0,10514.0,-264.0
Alberta,Cataract surgery,2014,1752.0,11348.0,-264.0
Alberta,Cataract surgery,2015,2088.0,11145.0,-264.0
Alberta,Cataract surgery,2016,2208.0,11770.0,-264.0
Alberta,Cataract surgery,2017,2376.0,11389.0,-264.0
Alberta,Cataract surgery,2018,2784.0,11684.0,-264.0
Alberta,Cataract surgery,2019,3144.0,13409.0,-264.0
Alberta,Cataract surgery,2020,4392.0,10424.0,-264.0
Alberta,Cataract surgery,2021,1800.0,15658.0,-264.0
Alberta,Cataract surgery,2022,1800.0,12372.0,-264.0
Alberta,Cataract surgery,2023,2160.0,14538.0,-264.0
Alberta,Colorectal Cancer Surgery,2013,480.0,476.0,-144.0
Alberta,Colorectal Cancer Surgery,2014,576.0,518.0,-144.0
Alberta,Colorectal Cancer Surgery,2015,648.0,495.0,-144.0
Alberta,Colorectal Cancer Surgery,2016,648.0,419.0,-144.0
Alberta,Colorectal Cancer Surgery,2017,672.0,473.0,-144.0
Alberta,Colorectal Cancer Surgery,2018,552.0,472.0,-144.0
Alberta,Colorectal Cancer Surgery,2019,576.0,743.0,-144.0
Alberta,Colorectal Cancer Surgery,2020,480.0,638.0,-144.0
Alberta,Colorectal Cancer Surgery,2021,552.0,711.0,-144.0
Alberta,Colorectal Cancer Surgery,2022,600.0,692.0,-144.0
Alberta,Colorectal Cancer Surgery,2023,624.0,712.0,-144.0
Alberta,Hip Fracture Repair,2013,22.0,1300.0,0.6583333333333314
Alberta,Hip Fracture Repair,2014,23.0,1373.0,0.6583333333333314
Alberta,Hip Fracture Repair,2015,22.0,1359.0,0.6583333333333314
Alberta,Hip Fracture Repair,2016,20.0,1422.0,0.6583333333333314
Alberta,Hip Fracture Repair,2017,18.575,1312.0,0.6583333333333314
Alberta,Hip Fracture Repair,2018,17.366666666666667,1399.0,0.6583333333333314
Alberta,Hip Fracture Repair,2019,18.45833333333333,1506.0,0.6583333333333314
Alberta,Hip Fracture Repair,2020,17.708333333333332,1464.0,0.6583333333333314
Alberta,Hip Fracture Repair,2021,19.633333333333333,1504.0,0.6583333333333314
Alberta,Hip Fracture Repair,2022,20.683333333333334,1579.0,0.6583333333333314
Alberta,Hip Fracture Repair,2023,21.34166666666667,1694.0,0.6583333333333314
Alberta,Hip Fracture Repair/Emergency and Inpatient,2013,28.0,1122.0,-1.3833333333333329
Alberta,Hip Fracture Repair/Emergency and Inpatient,2014,30.0,1238.0,-1.3833333333333329
Alberta,Hip Fracture Repair/Emergency and Inpatient,2015,27.0,1201.0,-1.3833333333333329
Alberta,Hip Fracture Repair/Emergency and Inpatient,2016,25.0,1261.0,-1.3833333333333329
Alberta,Hip Fracture Repair/Emergency and Inpatient,2017,25.11666667,1183.0,-1.3833333333333329
Alberta,Hip Fracture Repair/Emergency and Inpatient,2018,23.933333333333334,1273.0,-1.3833333333333329
Alberta,Hip Fracture Repair/Emergency and Inpatient,2019,24.58333333333333,1349.0,-1.3833333333333329
Alberta,Hip Fracture Repair/Emergency and Inpatient,2020,23.83333333333333,1354.0,-1.3833333333333329
Alberta,Hip Fracture Repair/Emergency and Inpatient,2021,26.00833333,1356.0,-1.3833333333333329
Alberta,Hip Fracture Repair/Emergency and Inpatient,2022,28.59166666666667,1446.0,-1.3833333333333329
Alberta,Hip Fracture Repair/Emergency and Inpatient,2023,29.383333333333333,1550.0,-1.3833333333333329
Alberta,Hip Replacement,2013,2592.0,1865.0,-768.0
Alberta,Hip Replacement,2014,2160.0,1890.0,-768.0
Alberta,Hip Replacement,2015,2232.0,1895.0,-768.0
Alberta,Hip Replacement,2016,2184.0,2043.0,-768.0
Alberta,Hip Replacement,2017,2904.0,2024.0,-768.0
Alberta,Hip Replacement,2018,3096.0,2250.0,-768.0
Alberta,Hip Replacement,2019,3384.0,2320.0,-768.0
Alberta,Hip Replacement,2020,4488.0,1584.0,-768.0
Alberta,Hip Replacement,2021,3696.0,2162.0,-768.0
Alberta,Hip Replacement,2022,5568.0,2553.0,-768.0
Alberta,Hip Replacement,2023,3360.0,2854.0,-768.0
Alberta,Knee Replacement,2013,3048.0,2962.0,-1464.0
Alberta,Knee Replacement,2014,2376.0,2922.0,-1464.0
Alberta,Knee Replacement,2015,2544.0,3108.0,-1464.0
Alberta,Knee Replacement,2016,2712.0,3174.0,-1464.0
Alberta,Knee Replacement,2017,3432.0,3035.0,-1464.0
Alberta,Knee Replacement,2018,3144.0,3287.0,-1464.0
Alberta,Knee Replacement,2019,3552.0,3176.0,-1464.0
Alberta,Knee Replacement,2020,5208.0,2082.0,-1464.0
Alberta,Knee Replacement,2021,4464.0,2873.0,-1464.0
Alberta,Knee Replacement,2022,6792.0,3225.0,-1464.0
Alberta,Knee Replacement,2023,4512.0,4283.0,-1464.0
Alberta,Lung Cancer Surgery,2013,984.0,253.0,240.0
Alberta,Lung Cancer Surgery,2014,840.0,259.0,240.0
Alberta,Lung Cancer Surgery,2015,744.0,296.0,240.0
Alberta,Lung Cancer Surgery,2016,792.0,290.0,240.0
Alberta,Lung Cancer Surgery,2017,696.0,309.0,240.0
Alberta,Lung Cancer Surgery,2018,816.0,314.0,240.0
Alberta,Lung Cancer Surgery,2019,504.0,385.0,240.0
Alberta,Lung Cancer Surgery,2020,528.0,342.0,240.0
Alberta,Lung Cancer Surgery,2021,648.0,359.0,240.0
Alberta,Lung Cancer Surgery,2022,816.0,389.0,240.0
Alberta,Lung Cancer Surgery,2023,744.0,415.0,240.0
Alberta,MRI Scan,2013,1920.0,55288.0,480.0
Alberta,MRI Scan,2014,1440.0,61371.0,480.0
Alberta,MRI Scan,2015,2160.0,60651.0,480.0
Alberta,MRI Scan,2016,2040.0,59916.0,480.0
Alberta,MRI Scan,2017,2280.0,60247.0,480.0
Alberta,MRI Scan,2018,1848.0,61701.0,480.0
Alberta,MRI Scan,2019,1728.0,65309.0,480.0
Alberta,MRI Scan,2020,2040.0,56066.0,480.0
Alberta,MRI Scan,2021,1080.0,73208.0,480.0
Alberta,MRI Scan,2022,1104.0,65111.0,480.0
Alberta,MRI Scan,2023,1440.0,59893.0,480.0
Alberta,Prostate Cancer Surgery,2013,984.0,633.0,-384.0
Alberta,Prostate Cancer Surgery,2014,936.0,567.0,-384.0
Alberta,Prostate Cancer Surgery,2015,1032.0,546.0,-384.0
Alberta,Prostate Cancer Surgery,2016,1152.0,571.0,-384.0
Alberta,Prostate Cancer Surgery,2017,1152.0,634.0,-384.0
Alberta,Prostate Cancer Surgery,2018,1032.0,676.0,-384.0
Alberta,Prostate Cancer Surgery,2019,1080.0,583.0,-384.0
Alberta,Prostate Cancer Surgery,2020,1176.0,499.0,-384.0
Alberta,Prostate Cancer Surgery,2021,1488.0,475.0,-384.0
Alberta,Prostate Cancer Surgery,2022,1824.0,523.0,-384.0
Alberta,Prostate Cancer Surgery,2023,1368.0,502.0,-384.0
Alberta,Radiation Therapy,2013,168.0,3556.0,-67.19999999999999
Alberta,Radiation Therapy,2014,168.0,3732.0,-67.19999999999999
Alberta,Radiation Therapy,2015,168.0,3897.0,-67.19999999999999
Alberta,Radiation Therapy,2016,168.0,4071.0,-67.19999999999999
Alberta,Radiation Therapy,2017,144.0,4065.0,-67.19999999999999
Alberta,Radiation Therapy,2018,168.0,4240.0,-67.19999999999999
Alberta,Radiation Therapy,2019,216.0,4534.0,-67.19999999999999
Alberta,Radiation Therapy,2020,216.0,4605.0,-67.19999999999999
Alberta,Radiation Therapy,2021,216.0,4791.0,-67.19999999999999
Alberta,Radiation Therapy,2022,235.2,4795.0,-67.19999999999999
Alberta,Radiation Therapy,2023,235.2,5016.0,-67.19999999999999
British Columbia,Bladder Cancer Surgery,2013,528.0,1520.0,-48.0
British Columbia,Bladder Cancer Surgery,2014,528.0,1570.0,-48.0
British Columbia,Bladder Cancer Surgery,2015,528.0,1648.0,-48.0
British Columbia,Bladder Cancer Surgery,2016,528.0,1673.0,-48.0
British Columbia,Bladder Cancer Surgery,2017,528.0,1729.0,-48.0
British Columbia,Bladder Cancer Surgery,2018,576.0,1695.0,-48.0
British Columbia,Bladder Cancer Surgery,2019,552.0,1934.0,-48.0
British Columbia,Bladder Cancer Surgery,2020,504.0,1728.0,-48.0
British Columbia,Bladder Cancer Surgery,2021,600.0,1953.0,-48.0
British Columbia,Bladder Cancer Surgery,2022,600.0,1859.0,-48.0
British Columbia,Bladder Cancer Surgery,2023,576.0,2040.0,-48.0
British Columbia,Breast Cancer Surgery,2013,336.0,1713.0,-144.0
British Columbia,Breast Cancer Surgery,2014,384.0,1825.0,-144.0
British Columbia,Breast Cancer Surgery,2015,384.0,1795.0,-144.0
British Columbia,Breast Cancer Surgery,2016,408.0,1859.0,-144.0
British Columbia,Breast Cancer Surgery,2017,432.0,1900.0,-144.0
British Columbia,Breast Cancer Surgery,2018,456.0,2131.0,-144.0
British Columbia,Breast Cancer Surgery,2019,456.0,2060.0,-144.0
British Columbia,Breast Cancer Surgery,2020,360.0,1817.0,-144.0
British Columbia,Breast Cancer Surgery,2021,432.0,2337.0,-144.0
British Columbia,Breast Cancer Surgery,2022,480.0,2305.0,-144.0
British Columbia,Breast Cancer Surgery,2023,480.0,2307.0,-144.0
British Columbia,CABG,2013,192.0,995.0,0.0
British Columbia,CABG,2014,144.0,1028.0,0.0
British Columbia,CABG,2015,120.0,1063.0,0.0
British Columbia,CABG,2016,192.0,1054.0,0.0
British Columbia,CABG,2017,168.0,1053.0,0.0
British Columbia,CABG,2018,151.2,1060.0,0.0
British Columbia,CABG,2019,151.2,1072.0,0.0
British Columbia,CABG,2020,100.8,907.0,0.0
British Columbia,CABG,2021,144.0,943.0,0.0
British Columbia,CABG,2022,144.0,963.0,0.0
British Columbia,CABG,2023,192.0,996.0,0.0
British Columbia,CT Scan,2013,528.0,146365.5,-144.0
British Columbia,CT Scan,2014,528.0,146365.5,-144.0
British Columbia,CT Scan,2015,528.0,146365.5,-144.0
British Columbia,CT Scan,2016,528.0,146365.5,-144.0
British Columbia,CT Scan,2017,528.0,146365.5,-144.0
British Columbia,CT Scan,2018,552.0,140411.0,-144.0
British Columbia,CT Scan,2019,480.0,148133.0,-144.0
British Columbia,CT Scan,2020,504.0,117656.0,-144.0
British Columbia,CT Scan,2021,504.0,151782.0,-144.0
British Columbia,CT Scan,2022,552.0,144598.0,-144.0
British Columbia,CT Scan,2023,672.0,156798.0,-144.0
British Columbia,Cataract surgery,2013,984.0,25140.0,0.0
British Columbia,Cataract surgery,2014,1440.0,25397.0,0.0
British Columbia,Cataract surgery,2015,1728.0,26757.0,0.0
British Columbia,Cataract surgery,2016,1776.0,28155.0,0.0
British Columbia,Cataract surgery,2017,1872.0,29701.0,0.0
British Columbia,Cataract surgery,2018,1680.0,31978.0,0.0
British Columbia,Cataract surgery,2019,1584.0,32766.0,0.0
British Columbia,Cataract surgery,2020,2520.0,23197.0,0.0
British Columbia,Cataract surgery,2021,1128.0,38621.0,0.0
British Columbia,Cataract surgery,2022,1032.0,37652.0,0.0
British Columbia,Cataract surgery,2023,984.0,37180.0,0.0
British Columbia,Colorectal Cancer Surgery,2013,384.0,1021.0,-96.0
British Columbia,Colorectal Cancer Surgery,2014,480.0,1211.0,-96.0
British Columbia,Colorectal Cancer Surgery,2015,504.0,1136.0,-96.0
British Columbia,Colorectal Cancer Surgery,2016,504.0,1014.0,-96.0
British Columbia,Colorectal Cancer Surgery,2017,504.0,991.0,-96.0
British Columbia,Colorectal Cancer Surgery,2018,504.0,932.0,-96.0
British Columbia,Colorectal Cancer Surgery,2019,504.0,977.0,-96.0
British Columbia,Colorectal Cancer Surgery,2020,384.0,788.0,-96.0
British Columbia,Colorectal Cancer Surgery,2021,456.0,897.0,-96.0
British Columbia,Colorectal Cancer Surgery,2022,504.0,908.0,-96.0
British Columbia,Colorectal Cancer Surgery,2023,480.0,956.0,-96.0
British Columbia,Hip Fracture Repair,2013,26.0,2032.0,-8.416666666666664
British Columbia,Hip Fracture Repair,2014,25.0,2045.0,-8.416666666666664
British Columbia,Hip Fracture Repair,2015,24.0,2206.0,-8.416666666666664
British Columbia,Hip Fracture Repair,2016,26.0,1905.0,-8.416666666666664
British Columbia,Hip Fracture Repair,2017,25.141666666666666,1966.0,-8.416666666666664
British Columbia,Hip Fracture Repair,2018,26.55,1532.0,-8.416666666666664
British Columbia,Hip Fracture Repair,2019,29.05,2226.0,-8.416666666666664
British Columbia,Hip Fracture Repair,2020,28.416666666666668,2370.0,-8.416666666666664
British Columbia,Hip Fracture Repair,2021,31.133333333333333,2265.0,-8.416666666666664
British Columbia,Hip Fracture Repair,2022,28.55,2045.0,-8.416666666666664
British Columbia,Hip Fracture Repair,2023,34.416666666666664,2315.0,-8.416666666666664
British Columbia,Hip Fracture Repair/Emergency and Inpatient,2013,25.108333335,0.0,0.0
British Columbia,Hip Fracture Repair/Emergency and Inpatient,2014,25.108333335,0.0,0.0
British Columbia,Hip Fracture Repair/Emergency and Inpatient,2015,25.108333335,0.0,0.0
British Columbia,Hip Fracture Repair/Emergency and Inpatient,2016,25.108333335,0.0,0.0
British Columbia,Hip Fracture Repair/Emergency and Inpatient,2017,25.108333335,0.0,0.0
British Columbia,Hip Fracture Repair/Emergency and Inpatient,2018,25.108333335,0.0,0.0
British Columbia,Hip Fracture Repair/Emergency and Inpatient,2019,25.108333335,0.0,0.0
British Columbia,Hip Fracture Repair/Emergency and Inpatient,2020,25.108333335,0.0,0.0
British Columbia,Hip Fracture Repair/Emergency and Inpatient,2021,25.108333335,0.0,0.0
British Columbia,Hip Fracture Repair/Emergency and Inpatient,2022,25.108333335,0.0,0.0
British Columbia,Hip Fracture Repair/Emergency and Inpatient,2023,25.108333335,0.0,0.0
British Columbia,Hip Replacement,2013,2184.0,2396.0,-720.0
British Columbia,Hip Replacement,2014,3024.0,2581.0,-720.0
British Columbia,Hip Replacement,2015,3360.0,2589.0,-720.0
British Columbia,Hip Replacement,2016,3384.0,2929.0,-720.0
British Columbia,Hip Replacement,2017,3192.0,2830.0,-720.0
British Columbia,Hip Replacement,2018,2880.0,3614.0,-720.0
British Columbia,Hip Replacement,2019,2304.0,3587.0,-720.0
British Columbia,Hip Replacement,2020,3792.0,2466.0,-720.0
British Columbia,Hip Replacement,2021,2448.0,3447.0,-720.0
British Columbia,Hip Replacement,2022,3576.0,3571.0,-720.0
British Columbia,Hip Replacement,2023,2904.0,3670.0,-720.0
British Columbia,Knee Replacement,2013,2832.0,3407.0,-912.0
British Columbia,Knee Replacement,2014,3840.0,3588.0,-912.0
British Columbia,Knee Replacement,2015,4728.0,3800.0,-912.0
British Columbia,Knee Replacement,2016,4608.0,4232.0,-912.0
British Columbia,Knee Replacement,2017,4704.0,4295.0,-912.0
British Columbia,Knee Replacement,2018,3648.0,5457.0,-912.0
British Columbia,Knee Replacement,2019,2952.0,5341.0,-912.0
British Columbia,Knee Replacement,2020,4392.0,3569.0,-912.0
British Columbia,Knee Replacement,2021,2856.0,4613.0,-912.0
British Columbia,Knee Replacement,2022,3936.0,5091.0,-912.0
British Columbia,Knee Replacement,2023,3744.0,5530.0,-912.0
British Columbia,Lung Cancer Surgery,2013,432.0,319.0,-240.0
British Columbia,Lung Cancer Surgery,2014,480.0,405.0,-240.0
British Columbia,Lung Cancer Surgery,2015,432.0,339.0,-240.0
British Columbia,Lung Cancer Surgery,2016,456.0,375.0,-240.0
British Columbia,Lung Cancer Surgery,2017,648.0,407.0,-240.0
British Columbia,Lung Cancer Surgery,2018,576.0,462.0,-240.0
British Columbia,Lung Cancer Surgery,2019,528.0,515.0,-240.0
British Columbia,Lung Cancer Surgery,2020,360.0,496.0,-240.0
British Columbia,Lung Cancer Surgery,2021,480.0,530.0,-240.0
British Columbia,Lung Cancer Surgery,2022,504.0,500.0,-240.0
British Columbia,Lung Cancer Surgery,2023,672.0,546.0,-240.0
British Columbia,MRI Scan,2013,1140.0,89661.0,-588.0
British Columbia,MRI Scan,2014,1140.0,89661.0,-588.0
British Columbia,MRI Scan,2015,1140.0,89661.0,-588.0
British Columbia,MRI Scan,2016,1140.0,89661.0,-588.0
British Columbia,MRI Scan,2017,1140.0,89661.0,-588.0
British Columbia,MRI Scan,2018,1080.0,74045.0,-588.0
British Columbia,MRI Scan,2019,1032.0,83988.0,-588.0
British Columbia,MRI Scan,2020,1680.0,62815.0,-588.0
British Columbia,MRI Scan,2021,1008.0,96679.0,-588.0
British Columbia,MRI Scan,2022,1200.0,95334.0,-588.0
British Columbia,MRI Scan,2023,1728.0,98877.0,-588.0
British Columbia,Prostate Cancer Surgery,2013,864.0,463.0,-96.0
British Columbia,Prostate Cancer Surgery,2014,696.0,423.0,-96.0
British Columbia,Prostate Cancer Surgery,2015,792.0,395.0,-96.0
British Columbia,Prostate Cancer Surgery,2016,864.0,406.0,-96.0
British Columbia,Prostate Cancer Surgery,2017,936.0,493.0,-96.0
British Columbia,Prostate Cancer Surgery,2018,960.0,520.0,-96.0
British Columbia,Prostate Cancer Surgery,2019,1008.0,517.0,-96.0
British Columbia,Prostate Cancer Surgery,2020,720.0,505.0,-96.0
British Columbia,Prostate Cancer Surgery,2021,888.0,485.0,-96.0
British Columbia,Prostate Cancer Surgery,2022,960.0,527.0,-96.0
British Columbia,Prostate Cancer Surgery,2023,960.0,502.0,-96.0
British Columbia,Radiation Therapy,2013,168.0,5827.0,-264.0
British Columbia,Radiation Therapy,2014,168.0,6175.0,-264.0
British Columbia,Radiation Therapy,2015,192.0,7029.0,-264.0
British Columbia,Radiation Therapy,2016,192.0,6585.0,-264.0
British Columbia,Radiation Therapy,2017,216.0,6143.0,-264.0
British Columbia,Radiation Therapy,2018,216.0,6170.0,-264.0
British Columbia,Radiation Therapy,2019,240.0,6510.0,-264.0
British Columbia,Radiation Therapy,2020,288.0,6596.0,-264.0
British Columbia,Radiation Therapy,2021,312.0,6428.0,-264.0
British Columbia,Radiation Therapy,2022,336.0,6403.0,-264.0
British Columbia,Radiation Therapy,2023,432.0,6693.0,-264.0
Manitoba,Bladder Cancer Surgery,2013,600.0,0.0,0.0
Manitoba,Bladder Cancer Surgery,2014,600.0,0.0,0.0
Manitoba,Bladder Cancer Surgery,2015,600.0,0.0,0.0
Manitoba,Bladder Cancer Surgery,2016,600.0,0.0,0.0
Manitoba,Bladder Cancer Surgery,2017,600.0,0.0,0.0
Manitoba,Bladder Cancer Surgery,2018,600.0,0.0,0.0
Manitoba,Bladder Cancer Surgery,2019,600.0,0.0,0.0
Manitoba,Bladder Cancer Surgery,2020,600.0,0.0,0.0
Manitoba,Bladder Cancer Surgery,2021,600.0,0.0,0.0
Manitoba,Bladder Cancer Surgery,2022,600.0,0.0,0.0
Manitoba,Bladder Cancer Surgery,2023,600.0,0.0,0.0
Manitoba,Breast Cancer Surgery,2013,648.0,278.0,-24.0
Manitoba,Breast Cancer Surgery,2014,528.0,252.0,-24.0
Manitoba,Breast Cancer Surgery,2015,648.0,253.0,-24.0
Manitoba,Breast Cancer Surgery,2016,552.0,147.0,-24.0
Manitoba,Breast Cancer Surgery,2017,504.0,142.0,-24.0
Manitoba,Breast Cancer Surgery,2018,528.0,236.0,-24.0
Manitoba,Breast Cancer Surgery,2019,672.0,207.0,-24.0
Manitoba,Breast Cancer Surgery,2020,528.0,199.0,-24.0
Manitoba,Breast Cancer Surgery,2021,504.0,341.0,-24.0
Manitoba,Breast Cancer Surgery,2022,648.0,372.0,-24.0
Manitoba,Breast Cancer Surgery,2023,672.0,355.0,-24.0
Manitoba,CABG,2013,264.0,213.0,0.0
Manitoba,CABG,2014,288.0,203.0,0.0
Manitoba,CABG,2015,216.0,217.0,0.0
Manitoba,CABG,2016,216.0,203.0,0.0
Manitoba,CABG,2017,216.0,218.0,0.0
Manitoba,CABG,2018,192.0,182.0,0.0
Manitoba,CABG,2019,192.0,205.0,0.0
Manitoba,CABG,2020,168.0,165.0,0.0
Manitoba,CABG,2021,168.0,149.0,0.0
Manitoba,CABG,2022,264.0,161.0,0.0
Manitoba,CABG,2023,264.0,131.0,0.0
Manitoba,CT Scan,2013,432.0,33268.0,-432.0
Manitoba,CT Scan,2014,384.0,35046.0,-432.0
Manitoba,CT Scan,2015,432.0,22292.0,-432.0
Manitoba,CT Scan,2016,504.0,40439.0,-432.0
Manitoba,CT Scan,2017,456.0,46568.0,-432.0
Manitoba,CT Scan,2018,480.0,52503.0,-432.0
Manitoba,CT Scan,2019,552.0,54206.0,-432.0
Manitoba,CT Scan,2020,504.0,43330.0,-432.0
Manitoba,CT Scan,2021,672.0,58051.0,-432.0
Manitoba,CT Scan,2022,408.0,57825.0,-432.0
Manitoba,CT Scan,2023,864.0,27060.0,-432.0
Manitoba,Cataract surgery,2013,2064.0,4975.0,264.0
Manitoba,Cataract surgery,2014,1872.0,4292.0,264.0
Manitoba,Cataract surgery,2015,2928.0,3173.0,264.0
Manitoba,Cataract surgery,2016,3552.0,2915.0,264.0
Manitoba,Cataract surgery,2017,3720.0,3076.0,264.0
Manitoba,Cataract surgery,2018,4008.0,2962.0,264.0
Manitoba,Cataract surgery,2019,3888.0,3769.0,264.0
Manitoba,Cataract surgery,2020,5136.0,2646.0,264.0
Manitoba,Cataract surgery,2021,3384.0,3031.0,264.0
Manitoba,Cataract surgery,2022,3024.0,4812.0,264.0
Manitoba,Cataract surgery,2023,1800.0,4418.0,264.0
Manitoba,Colorectal Cancer Surgery,2013,480.0,0.0,0.0
Manitoba,Colorectal Cancer Surgery,2014,480.0,0.0,0.0
Manitoba,Colorectal Cancer Surgery,2015,480.0,0.0,0.0
Manitoba,Colorectal Cancer Surgery,2016,480.0,0.0,0.0
Manitoba,Colorectal Cancer Surgery,2017,480.0,0.0,0.0
Manitoba,Colorectal Cancer Surgery,2018,480.0,0.0,0.0
Manitoba,Colorectal Cancer Surgery,2019,480.0,0.0,0.0
Manitoba,Colorectal Cancer Surgery,2020,480.0,0.0,0.0
Manitoba,Colorectal Cancer Surgery,2021,480.0,0.0,0.0
Manitoba,Colorectal Cancer Surgery,2022,480.0,0.0,0.0
Manitoba,Colorectal Cancer Surgery,2023,480.0,0.0,0.0
Manitoba,Hip Fracture Repair,2013,20.0,557.0,-0.0833333333333286
Manitoba,Hip Fracture Repair,2014,20.0,487.0,-0.0833333333333286
Manitoba,Hip Fracture Repair,2015,19.0,543.0,-0.0833333333333286
Manitoba,Hip Fracture Repair,2016,19.0,575.0,-0.0833333333333286
Manitoba,Hip Fracture Repair,2017,19.583333333333336,552.0,-0.0833333333333286
Manitoba,Hip Fracture Repair,2018,18.566666666666663,559.0,-0.0833333333333286
Manitoba,Hip Fracture Repair,2019,18.966666666666665,607.0,-0.0833333333333286
Manitoba,Hip Fracture Repair,2020,17.65,610.0,-0.0833333333333286
Manitoba,Hip Fracture Repair,2021,20.23333333333333,587.0,-0.0833333333333286
Manitoba,Hip Fracture Repair,2022,20.3,521.0,-0.0833333333333286
Manitoba,Hip Fracture Repair,2023,20.08333333333333,571.0,-0.0833333333333286
Manitoba,Hip Fracture Repair/Emergency and Inpatient,2013,25.108333335,0.0,0.0
Manitoba,Hip Fracture Repair/Emergency and Inpatient,2014,25.108333335,0.0,0.0
Manitoba,Hip Fracture Repair/Emergency and Inpatient,2015,25.108333335,0.0,0.0
Manitoba,Hip Fracture Repair/Emergency and Inpatient,2016,25.108333335,0.0,0.0
Manitoba,Hip Fracture Repair/Emergency and Inpatient,2017,25.108333335,0.0,0.0
Manitoba,Hip Fracture Repair/Emergency and Inpatient,2018,25.108333335,0.0,0.0
Manitoba,Hip Fracture Repair/Emergency and Inpatient,2019,25.108333335,0.0,0.0
Manitoba,Hip Fracture Repair/Emergency and Inpatient,2020,25.108333335,0.0,0.0
Manitoba,Hip Fracture Repair/Emergency and Inpatient,2021,25.108333335,0.0,0.0
Manitoba,Hip Fracture Repair/Emergency and Inpatient,2022,25.108333335,0.0,0.0
Manitoba,Hip Fracture Repair/Emergency and Inpatient,2023,25.108333335,0.0,0.0
Manitoba,Hip Replacement,2013,2856.0,628.0,-840.0
Manitoba,Hip Replacement,2014,2496.0,660.0,-840.0
Manitoba,Hip Replacement,2015,2832.0,633.0,-840.0
Manitoba,Hip Replacement,2016,3264.0,697.0,-840.0
Manitoba,Hip Replacement,2017,4056.0,710.0,-840.0
Manitoba,Hip Replacement,2018,4464.0,748.0,-840.0
Manitoba,Hip Replacement,2019,3912.0,842.0,-840.0
Manitoba,Hip Replacement,2020,4704.0,719.0,-840.0
Manitoba,Hip Replacement,2021,4056.0,687.0,-840.0
Manitoba,Hip Replacement,2022,5208.0,1050.0,-840.0
Manitoba,Hip Replacement,2023,3696.0,1087.0,-840.0
Manitoba,Knee Replacement,2013,3768.0,1127.0,-1392.0
Manitoba,Knee Replacement,2014,2688.0,1058.0,-1392.0
Manitoba,Knee Replacement,2015,3312.0,1000.0,-1392.0
Manitoba,Knee Replacement,2016,3840.0,1084.0,-1392.0
Manitoba,Knee Replacement,2017,4872.0,1148.0,-1392.0
Manitoba,Knee Replacement,2018,5520.0,1258.0,-1392.0
Manitoba,Knee Replacement,2019,4872.0,1372.0,-1392.0
Manitoba,Knee Replacement,2020,5712.0,1150.0,-1392.0
Manitoba,Knee Replacement,2021,5688.0,926.0,-1392.0
Manitoba,Knee Replacement,2022,8064.0,1589.0,-1392.0
Manitoba,Knee Replacement,2023,5160.0,1915.0,-1392.0
Manitoba,Lung Cancer Surgery,2013,456.0,207.0,-276.0
Manitoba,Lung Cancer Surgery,2014,480.0,147.0,-276.0
Manitoba,Lung Cancer Surgery,2015,576.0,73.0,-276.0
Manitoba,Lung Cancer Surgery,2016,600.0,116.0,-276.0
Manitoba,Lung Cancer Surgery,2017,576.0,89.0,-276.0
Manitoba,Lung Cancer Surgery,2018,576.0,159.0,-276.0
Manitoba,Lung Cancer Surgery,2019,816.0,163.0,-276.0
Manitoba,Lung Cancer Surgery,2020,600.0,127.0,-276.0
Manitoba,Lung Cancer Surgery,2021,528.0,104.0,-276.0
Manitoba,Lung Cancer Surgery,2022,576.0,115.0,-276.0
Manitoba,Lung Cancer Surgery,2023,732.0,142.0,-276.0
Manitoba,MRI Scan,2013,1680.0,23848.0,-960.0
Manitoba,MRI Scan,2014,1968.0,26505.0,-960.0
Manitoba,MRI Scan,2015,2376.0,21277.0,-960.0
Manitoba,MRI Scan,2016,2640.0,26183.0,-960.0
Manitoba,MRI Scan,2017,1824.0,33945.0,-960.0
Manitoba,MRI Scan,2018,1344.0,38745.0,-960.0
Manitoba,MRI Scan,2019,1320.0,37810.0,-960.0
Manitoba,MRI Scan,2020,1992.0,27630.0,-960.0
Manitoba,MRI Scan,2021,1584.0,38298.0,-960.0
Manitoba,MRI Scan,2022,2376.0,19312.0,-960.0
Manitoba,MRI Scan,2023,2640.0,18717.0,-960.0
Manitoba,Prostate Cancer Surgery,2013,972.0,0.0,0.0
Manitoba,Prostate Cancer Surgery,2014,972.0,0.0,0.0
Manitoba,Prostate Cancer Surgery,2015,972.0,0.0,0.0
Manitoba,Prostate Cancer Surgery,2016,972.0,0.0,0.0
Manitoba,Prostate Cancer Surgery,2017,972.0,0.0,0.0
Manitoba,Prostate Cancer Surgery,2018,972.0,0.0,0.0
Manitoba,Prostate Cancer Surgery,2019,972.0,0.0,0.0
Manitoba,Prostate Cancer Surgery,2020,972.0,0.0,0.0
Manitoba,Prostate Cancer Surgery,2021,972.0,0.0,0.0
Manitoba,Prostate Cancer Surgery,2022,972.0,0.0,0.0
Manitoba,Prostate Cancer Surgery,2023,972.0,0.0,0.0
Manitoba,Radiation Therapy,2013,168.0,1563.0,-240.0
Manitoba,Radiation Therapy,2014,168.0,1564.0,-240.0
Manitoba,Radiation Therapy,2015,168.0,1607.0,-240.0
Manitoba,Radiation Therapy,2016,240.0,1503.0,-240.0
Manitoba,Radiation Therapy,2017,288.0,1656.0,-240.0
Manitoba,Radiation Therapy,2018,216.0,1741.0,-240.0
Manitoba,Radiation Therapy,2019,216.0,1804.0,-240.0
Manitoba,Radiation Therapy,2020,216.0,1850.0,-240.0
Manitoba,Radiation Therapy,2021,312.0,1780.0,-240.0
Manitoba,Radiation Therapy,2022,408.0,1729.0,-240.0
Manitoba,Radiation Therapy,2023,408.0,1918.0,-240.0
New Brunswick,Bladder Cancer Surgery,2013,408.0,236.0,-168.0
New Brunswick,Bladder Cancer Surgery,2014,576.0,255.0,-168.0
New Brunswick,Bladder Cancer Surgery,2015,600.0,258.0,-168.0
New Brunswick,Bladder Cancer Surgery,2016,744.0,258.0,-168.0
New Brunswick,Bladder Cancer Surgery,2017,720.0,238.0,-168.0
New Brunswick,Bladder Cancer Surgery,2018,696.0,269.0,-168.0
New Brunswick,Bladder Cancer Surgery,2019,600.0,251.0,-168.0
New Brunswick,Bladder Cancer Surgery,2020,600.0,249.0,-168.0
New Brunswick,Bladder Cancer Surgery,2021,648.0,267.0,-168.0
New Brunswick,Bladder Cancer Surgery,2022,576.0,242.0,-168.0
New Brunswick,Bladder Cancer Surgery,2023,576.0,284.0,-168.0
New Brunswick,Breast Cancer Surgery,2013,192.0,390.0,-360.0
New Brunswick,Breast Cancer Surgery,2014,480.0,386.0,-360.0
New Brunswick,Breast Cancer Surgery,2015,456.0,394.0,-360.0
New Brunswick,Breast Cancer Surgery,2016,456.0,342.0,-360.0
New Brunswick,Breast Cancer Surgery,2017,528.0,358.0,-360.0
New Brunswick,Breast Cancer Surgery,2018,552.0,378.0,-360.0
New Brunswick,Breast Cancer Surgery,2019,480.0,333.0,-360.0
New Brunswick,Breast Cancer Surgery,2020,480.0,287.0,-360.0
New Brunswick,Breast Cancer Surgery,2021,552.0,402.0,-360.0
New Brunswick,Breast Cancer Surgery,2022,576.0,339.0,-360.0
New Brunswick,Breast Cancer Surgery,2023,552.0,386.0,-360.0
New Brunswick,CABG,2013,96.0,228.0,-120.0
New Brunswick,CABG,2014,192.0,226.0,-120.0
New Brunswick,CABG,2015,192.0,216.0,-120.0
New Brunswick,CABG,2016,240.0,204.0,-120.0
New Brunswick,CABG,2017,192.0,239.0,-120.0
New Brunswick,CABG,2018,192.0,234.0,-120.0
New Brunswick,CABG,2019,192.0,215.0,-120.0
New Brunswick,CABG,2020,192.0,216.0,-120.0
New Brunswick,CABG,2021,192.0,198.0,-120.0
New Brunswick,CABG,2022,216.0,217.0,-120.0
New Brunswick,CABG,2023,216.0,215.0,-120.0
New Brunswick,CT Scan,2013,504.0,0.0,0.0
New Brunswick,CT Scan,2014,504.0,0.0,0.0
New Brunswick,CT Scan,2015,504.0,0.0,0.0
New Brunswick,CT Scan,2016,504.0,0.0,0.0
New Brunswick,CT Scan,2017,504.0,0.0,0.0
New Brunswick,CT Scan,2018,504.0,0.0,0.0
New Brunswick,CT Scan,2019,504.0,0.0,0.0
New Brunswick,CT Scan,2020,504.0,0.0,0.0
New Brunswick,CT Scan,2021,504.0,0.0,0.0
New Brunswick,CT Scan,2022,504.0,0.0,0.0
New Brunswick,CT Scan,2023,504.0,0.0,0.0
New Brunswick,Cataract surgery,2013,600.0,5214.0,-576.0
New Brunswick,Cataract surgery,2014,1032.0,5320.0,-576.0
New Brunswick,Cataract surgery,2015,1152.0,5362.0,-576.0
New Brunswick,Cataract surgery,2016,1536.0,5310.0,-576.0
New Brunswick,Cataract surgery,2017,1320.0,5682.0,-576.0
New Brunswick,Cataract surgery,2018,1392.0,5678.0,-576.0
New Brunswick,Cataract surgery,2019,1680.0,5908.0,-576.0
New Brunswick,Cataract surgery,2020,2352.0,4540.0,-576.0
New Brunswick,Cataract surgery,2021,1224.0,6147.0,-576.0
New Brunswick,Cataract surgery,2022,1560.0,5698.0,-576.0
New Brunswick,Cataract surgery,2023,1176.0,6163.0,-576.0
New Brunswick,Colorectal Cancer Surgery,2013,312.0,259.0,-240.0
New Brunswick,Colorectal Cancer Surgery,2014,360.0,238.0,-240.0
New Brunswick,Colorectal Cancer Surgery,2015,480.0,239.0,-240.0
New Brunswick,Colorectal Cancer Surgery,2016,504.0,221.0,-240.0
New Brunswick,Colorectal Cancer Surgery,2017,528.0,216.0,-240.0
New Brunswick,Colorectal Cancer Surgery,2018,528.0,237.0,-240.0
New Brunswick,Colorectal Cancer Surgery,2019,528.0,212.0,-240.0
New Brunswick,Colorectal Cancer Surgery,2020,408.0,173.0,-240.0
New Brunswick,Colorectal Cancer Surgery,2021,552.0,211.0,-240.0
New Brunswick,Colorectal Cancer Surgery,2022,528.0,217.0,-240.0
New Brunswick,Colorectal Cancer Surgery,2023,552.0,242.0,-240.0
New Brunswick,Hip Fracture Repair,2013,20.0,355.0,-1.4666666666666686
New Brunswick,Hip Fracture Repair,2014,19.0,363.0,-1.4666666666666686
New Brunswick,Hip Fracture Repair,2015,21.0,407.0,-1.4666666666666686
New Brunswick,Hip Fracture Repair,2016,19.0,361.0,-1.4666666666666686
New Brunswick,Hip Fracture Repair,2017,17.066666666666666,390.0,-1.4666666666666686
New Brunswick,Hip Fracture Repair,2018,18.625,336.0,-1.4666666666666686
New Brunswick,Hip Fracture Repair,2019,18.48333333333333,436.0,-1.4666666666666686
New Brunswick,Hip Fracture Repair,2020,17.95,371.0,-1.4666666666666686
New Brunswick,Hip Fracture Repair,2021,21.683333333333334,387.0,-1.4666666666666686
New Brunswick,Hip Fracture Repair,2022,23.225,432.0,-1.4666666666666686
New Brunswick,Hip Fracture Repair,2023,21.46666666666667,452.0,-1.4666666666666686
New Brunswick,Hip Fracture Repair/Emergency and Inpatient,2013,25.108333335,0.0,0.0
New Brunswick,Hip Fracture Repair/Emergency and Inpatient,2014,25.108333335,0.0,0.0
New Brunswick,Hip Fracture Repair/Emergency and Inpatient,2015,25.108333335,0.0,0.0
New Brunswick,Hip Fracture Repair/Emergency and Inpatient,2016,25.108333335,0.0,0.0
New Brunswick,Hip Fracture Repair/Emergency and Inpatient,2017,25.108333335,0.0,0.0
New Brunswick,Hip Fracture Repair/Emergency and Inpatient,2018,25.108333335,0.0,0.0
New Brunswick,Hip Fracture Repair/Emergency and Inpatient,2019,25.108333335,0.0,0.0
New Brunswick,Hip Fracture Repair/Emergency and Inpatient,2020,25.108333335,0.0,0.0
New Brunswick,Hip Fracture Repair/Emergency and Inpatient,2021,25.108333335,0.0,0.0
New Brunswick,Hip Fracture Repair/Emergency and Inpatient,2022,25.108333335,0.0,0.0
New Brunswick,Hip Fracture Repair/Emergency and Inpatient,2023,25.108333335,0.0,0.0
New Brunswick,Hip Replacement,2013,2616.0,389.0,-2880.0
New Brunswick,Hip Replacement,2014,3048.0,366.0,-2880.0
New Brunswick,Hip Replacement,2015,3216.0,424.0,-2880.0
New Brunswick,Hip Replacement,2016,3936.0,505.0,-2880.0
New Brunswick,Hip Replacement,2017,3888.0,508.0,-2880.0
New Brunswick,Hip Replacement,2018,4080.0,509.0,-2880.0
New Brunswick,Hip Replacement,2019,4680.0,532.0,-2880.0
New Brunswick,Hip Replacement,2020,6432.0,446.0,-2880.0
New Brunswick,Hip Replacement,2021,4032.0,572.0,-2880.0
New Brunswick,Hip Replacement,2022,5568.0,563.0,-2880.0
New Brunswick,Hip Replacement,2023,5496.0,658.0,-2880.0
New Brunswick,Knee Replacement,2013,3432.0,682.0,-1992.0
New Brunswick,Knee Replacement,2014,4512.0,731.0,-1992.0
New Brunswick,Knee Replacement,2015,3864.0,841.0,-1992.0
New Brunswick,Knee Replacement,2016,4320.0,925.0,-1992.0
New Brunswick,Knee Replacement,2017,4824.0,903.0,-1992.0
New Brunswick,Knee Replacement,2018,5016.0,935.0,-1992.0
New Brunswick,Knee Replacement,2019,4728.0,938.0,-1992.0
New Brunswick,Knee Replacement,2020,7104.0,650.0,-1992.0
New Brunswick,Knee Replacement,2021,4968.0,915.0,-1992.0
New Brunswick,Knee Replacement,2022,6240.0,820.0,-1992.0
New Brunswick,Knee Replacement,2023,5424.0,1118.0,-1992.0
New Brunswick,Lung Cancer Surgery,2013,336.0,87.0,-624.0
New Brunswick,Lung Cancer Surgery,2014,432.0,85.0,-624.0
New Brunswick,Lung Cancer Surgery,2015,792.0,88.0,-624.0
New Brunswick,Lung Cancer Surgery,2016,696.0,102.0,-624.0
New Brunswick,Lung Cancer Surgery,2017,840.0,96.0,-624.0
New Brunswick,Lung Cancer Surgery,2018,624.0,84.0,-624.0
New Brunswick,Lung Cancer Surgery,2019,792.0,71.0,-624.0
New Brunswick,Lung Cancer Surgery,2020,768.0,76.0,-624.0
New Brunswick,Lung Cancer Surgery,2021,576.0,72.0,-624.0
New Brunswick,Lung Cancer Surgery,2022,792.0,77.0,-624.0
New Brunswick,Lung Cancer Surgery,2023,960.0,89.0,-624.0
New Brunswick,MRI Scan,2013,1152.0,0.0,0.0
New Brunswick,MRI Scan,2014,1152.0,0.0,0.0
New Brunswick,MRI Scan,2015,1152.0,0.0,0.0
New Brunswick,MRI Scan,2016,1152.0,0.0,0.0
New Brunswick,MRI Scan,2017,1152.0,0.0,0.0
New Brunswick,MRI Scan,2018,1152.0,0.0,0.0
New Brunswick,MRI Scan,2019,1152.0,0.0,0.0
New Brunswick,MRI Scan,2020,1152.0,0.0,0.0
New Brunswick,MRI Scan,2021,1152.0,0.0,0.0
New Brunswick,MRI Scan,2022,1152.0,0.0,0.0
New Brunswick,MRI Scan,2023,1152.0,0.0,0.0
New Brunswick,Prostate Cancer Surgery,2013,480.0,60.0,-888.0
New Brunswick,Prostate Cancer Surgery,2014,864.0,71.0,-888.0
New Brunswick,Prostate Cancer Surgery,2015,1032.0,68.0,-888.0
New Brunswick,Prostate Cancer Surgery,2016,936.0,85.0,-888.0
New Brunswick,Prostate Cancer Surgery,2017,936.0,87.0,-888.0
New Brunswick,Prostate Cancer Surgery,2018,792.0,76.0,-888.0
New Brunswick,Prostate Cancer Surgery,2019,744.0,84.0,-888.0
New Brunswick,Prostate Cancer Surgery,2020,1032.0,65.0,-888.0
New Brunswick,Prostate Cancer Surgery,2021,936.0,82.0,-888.0
New Brunswick,Prostate Cancer Surgery,2022,1128.0,76.0,-888.0
New Brunswick,Prostate Cancer Surgery,2023,1368.0,91.0,-888.0
New Brunswick,Radiation Therapy,2013,168.0,1052.0,-120.0
New Brunswick,Radiation Therapy,2014,168.0,931.0,-120.0
New Brunswick,Radiation Therapy,2015,144.0,825.0,-120.0
New Brunswick,Radiation Therapy,2016,168.0,947.0,-120.0
New Brunswick,Radiation Therapy,2017,192.0,973.0,-120.0
New Brunswick,Radiation Therapy,2018,264.0,1019.0,-120.0
New Brunswick,Radiation Therapy,2019,288.0,1048.0,-120.0
New Brunswick,Radiation Therapy,2020,240.0,1034.0,-120.0
New Brunswick,Radiation Therapy,2021,312.0,1159.0,-120.0
New Brunswick,Radiation Therapy,2022,264.0,1144.0,-120.0
New Brunswick,Radiation Therapy,2023,288.0,1226.0,-120.0
Newfoundland and Labrador,Bladder Cancer Surgery,2013,456.0,117.0,-216.0
Newfoundland and Labrador,Bladder Cancer Surgery,2014,624.0,123.0,-216.0
Newfoundland and Labrador,Bladder Cancer Surgery,2015,576.0,156.0,-216.0
Newfoundland and Labrador,Bladder Cancer Surgery,2016,552.0,135.0,-216.0
Newfoundland and Labrador,Bladder Cancer Surgery,2017,504.0,162.0,-216.0
Newfoundland and Labrador,Bladder Cancer Surgery,2018,552.0,126.0,-216.0
Newfoundland and Labrador,Bladder Cancer Surgery,2019,504.0,108.0,-216.0
Newfoundland and Labrador,Bladder Cancer Surgery,2020,480.0,114.0,-216.0
Newfoundland and Labrador,Bladder Cancer Surgery,2021,480.0,124.0,-216.0
Newfoundland and Labrador,Bladder Cancer Surgery,2022,600.0,117.0,-216.0
Newfoundland and Labrador,Bladder Cancer Surgery,2023,672.0,93.0,-216.0
Newfoundland and Labrador,Breast Cancer Surgery,2013,312.0,153.0,-216.0
Newfoundland and Labrador,Breast Cancer Surgery,2014,336.0,223.0,-216.0
Newfoundland and Labrador,Breast Cancer Surgery,2015,360.0,257.0,-216.0
Newfoundland and Labrador,Breast Cancer Surgery,2016,408.0,282.0,-216.0
Newfoundland and Labrador,Breast Cancer Surgery,2017,336.0,224.0,-216.0
Newfoundland and Labrador,Breast Cancer Surgery,2018,456.0,230.0,-216.0
Newfoundland and Labrador,Breast Cancer Surgery,2019,384.0,220.0,-216.0
Newfoundland and Labrador,Breast Cancer Surgery,2020,336.0,165.0,-216.0
Newfoundland and Labrador,Breast Cancer Surgery,2021,384.0,192.0,-216.0
Newfoundland and Labrador,Breast Cancer Surgery,2022,480.0,220.0,-216.0
Newfoundland and Labrador,Breast Cancer Surgery,2023,528.0,221.0,-216.0
Newfoundland and Labrador,CABG,2013,216.0,159.0,-144.0
Newfoundland and Labrador,CABG,2014,192.0,155.0,-144.0
Newfoundland and Labrador,CABG,2015,216.0,149.0,-144.0
Newfoundland and Labrador,CABG,2016,144.0,152.0,-144.0
Newfoundland and Labrador,CABG,2017,144.0,178.0,-144.0
Newfoundland and Labrador,CABG,2018,144.0,175.0,-144.0
Newfoundland and Labrador,CABG,2019,216.0,182.0,-144.0
Newfoundland and Labrador,CABG,2020,216.0,116.0,-144.0
Newfoundland and Labrador,CABG,2021,312.0,192.0,-144.0
Newfoundland and Labrador,CABG,2022,240.0,178.0,-144.0
Newfoundland and Labrador,CABG,2023,360.0,168.0,-144.0
Newfoundland and Labrador,CT Scan,2013,504.0,32867.0,0.0
Newfoundland and Labrador,CT Scan,2014,504.0,31104.0,0.0
Newfoundland and Labrador,CT Scan,2015,504.0,39052.0,0.0
Newfoundland and Labrador,CT Scan,2016,504.0,38484.0,0.0
Newfoundland and Labrador,CT Scan,2017,504.0,40329.0,0.0
Newfoundland and Labrador,CT Scan,2018,504.0,41727.0,0.0
Newfoundland and Labrador,CT Scan,2019,504.0,37795.0,0.0
Newfoundland and Labrador,CT Scan,2020,504.0,34588.0,0.0
Newfoundland and Labrador,CT Scan,2021,504.0,47553.0,0.0
Newfoundland and Labrador,CT Scan,2022,504.0,47204.0,0.0
Newfoundland and Labrador,CT Scan,2023,504.0,46102.0,0.0
Newfoundland and Labrador,Cataract surgery,2013,840.0,1278.0,-2328.0
Newfoundland and Labrador,Cataract surgery,2014,936.0,1479.0,-2328.0
Newfoundland and Labrador,Cataract surgery,2015,960.0,1761.0,-2328.0
Newfoundland and Labrador,Cataract surgery,2016,1560.0,2053.0,-2328.0
Newfoundland and Labrador,Cataract surgery,2017,1512.0,1610.0,-2328.0
Newfoundland and Labrador,Cataract surgery,2018,2040.0,1493.0,-2328.0
Newfoundland and Labrador,Cataract surgery,2019,2280.0,1263.0,-2328.0
Newfoundland and Labrador,Cataract surgery,2020,6336.0,527.0,-2328.0
Newfoundland and Labrador,Cataract surgery,2021,3504.0,1077.0,-2328.0
Newfoundland and Labrador,Cataract surgery,2022,3624.0,1222.0,-2328.0
Newfoundland and Labrador,Cataract surgery,2023,3168.0,1225.0,-2328.0
Newfoundland and Labrador,Colorectal Cancer Surgery,2013,336.0,136.0,-24.0
Newfoundland and Labrador,Colorectal Cancer Surgery,2014,360.0,231.0,-24.0
Newfoundland and Labrador,Colorectal Cancer Surgery,2015,312.0,265.0,-24.0
Newfoundland and Labrador,Colorectal Cancer Surgery,2016,312.0,237.0,-24.0
Newfoundland and Labrador,Colorectal Cancer Surgery,2017,288.0,195.0,-24.0
Newfoundland and Labrador,Colorectal Cancer Surgery,2018,336.0,186.0,-24.0
Newfoundland and Labrador,Colorectal Cancer Surgery,2019,360.0,177.0,-24.0
Newfoundland and Labrador,Colorectal Cancer Surgery,2020,288.0,122.0,-24.0
Newfoundland and Labrador,Colorectal Cancer Surgery,2021,336.0,171.0,-24.0
Newfoundland and Labrador,Colorectal Cancer Surgery,2022,384.0,179.0,-24.0
Newfoundland and Labrador,Colorectal Cancer Surgery,2023,360.0,150.0,-24.0
Newfoundland and Labrador,Hip Fracture Repair,2013,19.0,225.5,-3.4250000000000007
Newfoundland and Labrador,Hip Fracture Repair,2014,30.0,188.0,-3.4250000000000007
Newfoundland and Labrador,Hip Fracture Repair,2015,22.0,234.0,-3.4250000000000007
Newfoundland and Labrador,Hip Fracture Repair,2016,20.0,181.0,-3.4250000000000007
Newfoundland and Labrador,Hip Fracture Repair,2017,19.95,249.0,-3.4250000000000007
Newfoundland and Labrador,Hip Fracture Repair,2018,20.416666666666668,155.0,-3.4250000000000007
Newfoundland and Labrador,Hip Fracture Repair,2019,21.4,247.0,-3.4250000000000007
Newfoundland and Labrador,Hip Fracture Repair,2020,25.03333333333333,258.0,-3.4250000000000007
Newfoundland and Labrador,Hip Fracture Repair,2021,23.966666666666665,201.0,-3.4250000000000007
Newfoundland and Labrador,Hip Fracture Repair,2022,20.516666666666666,217.0,-3.4250000000000007
Newfoundland and Labrador,Hip Fracture Repair,2023,22.425,298.0,-3.4250000000000007
Newfoundland and Labrador,Hip Fracture Repair/Emergency and Inpatient,2013,26.0,217.0,3.0
Newfoundland and Labrador,Hip Fracture Repair/Emergency and Inpatient,2014,27.0,227.0,3.0
Newfoundland and Labrador,Hip Fracture Repair/Emergency and Inpatient,2015,24.0,238.0,3.0
Newfoundland and Labrador,Hip Fracture Repair/Emergency and Inpatient,2016,22.0,233.0,3.0
Newfoundland and Labrador,Hip Fracture Repair/Emergency and Inpatient,2017,22.47,250.0,3.0
Newfoundland and Labrador,Hip Fracture Repair/Emergency and Inpatient,2018,21.0,221.0,3.0
Newfoundland and Labrador,Hip Fracture Repair/Emergency and Inpatient,2019,21.8,195.0,3.0
Newfoundland and Labrador,Hip Fracture Repair/Emergency and Inpatient,2020,24.52,174.0,3.0
Newfoundland and Labrador,Hip Fracture Repair/Emergency and Inpatient,2021,23.0,175.0,3.0
Newfoundland and Labrador,Hip Fracture Repair/Emergency and Inpatient,2022,24.0,177.0,3.0
Newfoundland and Labrador,Hip Fracture Repair/Emergency and Inpatient,2023,23.0,212.0,3.0
Newfoundland and Labrador,Hip Replacement,2013,1968.0,243.0,-2784.0
Newfoundland and Labrador,Hip Replacement,2014,2064.0,248.0,-2784.0
Newfoundland and Labrador,Hip Replacement,2015,1992.0,245.0,-2784.0
Newfoundland and Labrador,Hip Replacement,2016,2400.0,252.0,-2784.0
Newfoundland and Labrador,Hip Replacement,2017,1944.0,304.0,-2784.0
Newfoundland and Labrador,Hip Replacement,2018,2208.0,279.0,-2784.0
Newfoundland and Labrador,Hip Replacement,2019,2712.0,303.0,-2784.0
Newfoundland and Labrador,Hip Replacement,2020,4896.0,163.0,-2784.0
Newfoundland and Labrador,Hip Replacement,2021,3960.0,241.0,-2784.0
Newfoundland and Labrador,Hip Replacement,2022,4728.0,253.0,-2784.0
Newfoundland and Labrador,Hip Replacement,2023,4752.0,359.0,-2784.0
Newfoundland and Labrador,Knee Replacement,2013,1848.0,439.0,-4704.0
Newfoundland and Labrador,Knee Replacement,2014,2352.0,402.0,-4704.0
Newfoundland and Labrador,Knee Replacement,2015,2376.0,447.0,-4704.0
Newfoundland and Labrador,Knee Replacement,2016,3048.0,498.0,-4704.0
Newfoundland and Labrador,Knee Replacement,2017,3480.0,527.0,-4704.0
Newfoundland and Labrador,Knee Replacement,2018,3168.0,521.0,-4704.0
Newfoundland and Labrador,Knee Replacement,2019,3192.0,546.0,-4704.0
Newfoundland and Labrador,Knee Replacement,2020,6864.0,229.0,-4704.0
Newfoundland and Labrador,Knee Replacement,2021,5040.0,360.0,-4704.0
Newfoundland and Labrador,Knee Replacement,2022,6048.0,306.0,-4704.0
Newfoundland and Labrador,Knee Replacement,2023,6552.0,453.0,-4704.0
Newfoundland and Labrador,Lung Cancer Surgery,2013,456.0,33.0,24.0
Newfoundland and Labrador,Lung Cancer Surgery,2014,456.0,33.0,24.0
Newfoundland and Labrador,Lung Cancer Surgery,2015,456.0,33.0,24.0
Newfoundland and Labrador,Lung Cancer Surgery,2016,456.0,33.0,24.0
Newfoundland and Labrador,Lung Cancer Surgery,2017,552.0,49.0,24.0
Newfoundland and Labrador,Lung Cancer Surgery,2018,648.0,51.0,24.0
Newfoundland and Labrador,Lung Cancer Surgery,2019,480.0,45.0,24.0
Newfoundland and Labrador,Lung Cancer Surgery,2020,456.0,32.0,24.0
Newfoundland and Labrador,Lung Cancer Surgery,2021,456.0,33.0,24.0
Newfoundland and Labrador,Lung Cancer Surgery,2022,360.0,29.0,24.0
Newfoundland and Labrador,Lung Cancer Surgery,2023,432.0,30.0,24.0
Newfoundland and Labrador,MRI Scan,2013,1152.0,8825.0,0.0
Newfoundland and Labrador,MRI Scan,2014,1152.0,9049.0,0.0
Newfoundland and Labrador,MRI Scan,2015,1152.0,9695.0,0.0
Newfoundland and Labrador,MRI Scan,2016,1152.0,9434.0,0.0
Newfoundland and Labrador,MRI Scan,2017,1152.0,10522.0,0.0
Newfoundland and Labrador,MRI Scan,2018,1152.0,9816.0,0.0
Newfoundland and Labrador,MRI Scan,2019,1152.0,8888.0,0.0
Newfoundland and Labrador,MRI Scan,2020,1152.0,8042.0,0.0
Newfoundland and Labrador,MRI Scan,2021,1152.0,10542.0,0.0
Newfoundland and Labrador,MRI Scan,2022,1152.0,9389.0,0.0
Newfoundland and Labrador,MRI Scan,2023,1152.0,9271.0,0.0
Newfoundland and Labrador,Prostate Cancer Surgery,2013,744.0,69.0,-456.0
Newfoundland and Labrador,Prostate Cancer Surgery,2014,768.0,62.0,-456.0
Newfoundland and Labrador,Prostate Cancer Surgery,2015,888.0,69.0,-456.0
Newfoundland and Labrador,Prostate Cancer Surgery,2016,648.0,68.0,-456.0
Newfoundland and Labrador,Prostate Cancer Surgery,2017,816.0,53.0,-456.0
Newfoundland and Labrador,Prostate Cancer Surgery,2018,864.0,67.0,-456.0
Newfoundland and Labrador,Prostate Cancer Surgery,2019,1032.0,67.0,-456.0
Newfoundland and Labrador,Prostate Cancer Surgery,2020,1224.0,48.0,-456.0
Newfoundland and Labrador,Prostate Cancer Surgery,2021,864.0,60.0,-456.0
Newfoundland and Labrador,Prostate Cancer Surgery,2022,696.0,71.0,-456.0
Newfoundland and Labrador,Prostate Cancer Surgery,2023,1200.0,61.0,-456.0
Newfoundland and Labrador,Radiation Therapy,2013,336.0,384.0,-312.0
Newfoundland and Labrador,Radiation Therapy,2014,336.0,368.0,-312.0
Newfoundland and Labrador,Radiation Therapy,2015,312.0,357.0,-312.0
Newfoundland and Labrador,Radiation Therapy,2016,288.0,393.0,-312.0
Newfoundland and Labrador,Radiation Therapy,2017,288.0,428.0,-312.0
Newfoundland and Labrador,Radiation Therapy,2018,336.0,867.0,-312.0
Newfoundland and Labrador,Radiation Therapy,2019,384.0,515.0,-312.0
Newfoundland and Labrador,Radiation Therapy,2020,384.0,528.0,-312.0
Newfoundland and Labrador,Radiation Therapy,2021,360.0,534.0,-312.0
Newfoundland and Labrador,Radiation Therapy,2022,408.0,544.0,-312.0
Newfoundland and Labrador,Radiation Therapy,2023,648.0,563.0,-312.0
Nova Scotia,Bladder Cancer Surgery,2013,984.0,466.0,120.0
Nova Scotia,Bladder Cancer Surgery,2014,840.0,356.0,120.0
Nova Scotia,Bladder Cancer Surgery,2015,816.0,364.0,120.0
Nova Scotia,Bladder Cancer Surgery,2016,744.0,385.0,120.0
Nova Scotia,Bladder Cancer Surgery,2017,672.0,363.0,120.0
Nova Scotia,Bladder Cancer Surgery,2018,816.0,364.0,120.0
Nova Scotia,Bladder Cancer Surgery,2019,816.0,347.0,120.0
Nova Scotia,Bladder Cancer Surgery,2020,672.0,333.0,120.0
Nova Scotia,Bladder Cancer Surgery,2021,720.0,440.0,120.0
Nova Scotia,Bladder Cancer Surgery,2022,744.0,359.0,120.0
Nova Scotia,Bladder Cancer Surgery,2023,864.0,489.0,120.0
Nova Scotia,Breast Cancer Surgery,2013,384.0,456.0,-168.0
Nova Scotia,Breast Cancer Surgery,2014,384.0,495.0,-168.0
Nova Scotia,Breast Cancer Surgery,2015,384.0,496.0,-168.0
Nova Scotia,Breast Cancer Surgery,2016,384.0,472.0,-168.0
Nova Scotia,Breast Cancer Surgery,2017,384.0,420.0,-168.0
Nova Scotia,Breast Cancer Surgery,2018,384.0,426.0,-168.0
Nova Scotia,Breast Cancer Surgery,2019,528.0,513.0,-168.0
Nova Scotia,Breast Cancer Surgery,2020,384.0,338.0,-168.0
Nova Scotia,Breast Cancer Surgery,2021,384.0,488.0,-168.0
Nova Scotia,Breast Cancer Surgery,2022,480.0,474.0,-168.0
Nova Scotia,Breast Cancer Surgery,2023,552.0,495.0,-168.0
Nova Scotia,CABG,2013,144.0,208.0,-24.0
Nova Scotia,CABG,2014,144.0,155.0,-24.0
Nova Scotia,CABG,2015,216.0,158.0,-24.0
Nova Scotia,CABG,2016,168.0,163.0,-24.0
Nova Scotia,CABG,2017,192.0,154.0,-24.0
Nova Scotia,CABG,2018,72.0,148.0,-24.0
Nova Scotia,CABG,2019,168.0,131.0,-24.0
Nova Scotia,CABG,2020,216.0,138.0,-24.0
Nova Scotia,CABG,2021,168.0,160.0,-24.0
Nova Scotia,CABG,2022,216.0,145.0,-24.0
Nova Scotia,CABG,2023,168.0,182.0,-24.0
Nova Scotia,CT Scan,2013,456.0,32902.0,-696.0
Nova Scotia,CT Scan,2014,504.0,33221.0,-696.0
Nova Scotia,CT Scan,2015,504.0,33563.0,-696.0
Nova Scotia,CT Scan,2016,624.0,35109.0,-696.0
Nova Scotia,CT Scan,2017,720.0,34557.0,-696.0
Nova Scotia,CT Scan,2018,672.0,39377.0,-696.0
Nova Scotia,CT Scan,2019,624.0,37935.0,-696.0
Nova Scotia,CT Scan,2020,504.0,23672.0,-696.0
Nova Scotia,CT Scan,2021,672.0,38031.0,-696.0
Nova Scotia,CT Scan,2022,744.0,37864.0,-696.0
Nova Scotia,CT Scan,2023,1152.0,37624.0,-696.0
Nova Scotia,Cataract surgery,2013,2232.0,4089.0,528.0
Nova Scotia,Cataract surgery,2014,2040.0,3865.0,528.0
Nova Scotia,Cataract surgery,2015,2232.0,3637.0,528.0
Nova Scotia,Cataract surgery,2016,2208.0,4004.0,528.0
Nova Scotia,Cataract surgery,2017,2160.0,4047.0,528.0
Nova Scotia,Cataract surgery,2018,1824.0,3795.0,528.0
Nova Scotia,Cataract surgery,2019,2208.0,3702.0,528.0
Nova Scotia,Cataract surgery,2020,4440.0,2031.0,528.0
Nova Scotia,Cataract surgery,2021,2088.0,4340.0,528.0
Nova Scotia,Cataract surgery,2022,2352.0,4582.0,528.0
Nova Scotia,Cataract surgery,2023,1704.0,5181.0,528.0
Nova Scotia,Colorectal Cancer Surgery,2013,576.0,304.0,-72.0
Nova Scotia,Colorectal Cancer Surgery,2014,576.0,282.0,-72.0
Nova Scotia,Colorectal Cancer Surgery,2015,624.0,271.0,-72.0
Nova Scotia,Colorectal Cancer Surgery,2016,576.0,293.0,-72.0
Nova Scotia,Colorectal Cancer Surgery,2017,504.0,256.0,-72.0
Nova Scotia,Colorectal Cancer Surgery,2018,576.0,243.0,-72.0
Nova Scotia,Colorectal Cancer Surgery,2019,624.0,264.0,-72.0
Nova Scotia,Colorectal Cancer Surgery,2020,576.0,184.0,-72.0
Nova Scotia,Colorectal Cancer Surgery,2021,528.0,241.0,-72.0
Nova Scotia,Colorectal Cancer Surgery,2022,576.0,254.0,-72.0
Nova Scotia,Colorectal Cancer Surgery,2023,648.0,259.0,-72.0
Nova Scotia,Hip Fracture Repair,2013,22.0,448.0,-2.5
Nova Scotia,Hip Fracture Repair,2014,26.0,388.0,-2.5
Nova Scotia,Hip Fracture Repair,2015,22.0,435.0,-2.5
Nova Scotia,Hip Fracture Repair,2016,21.0,294.0,-2.5
Nova Scotia,Hip Fracture Repair,2017,20.616666666666667,483.0,-2.5
Nova Scotia,Hip Fracture Repair,2018,19.166666666666668,429.0,-2.5
Nova Scotia,Hip Fracture Repair,2019,20.33333333333333,361.0,-2.5
Nova Scotia,Hip Fracture Repair,2020,21.558333333333334,488.0,-2.5
Nova Scotia,Hip Fracture Repair,2021,20.95,499.0,-2.5
Nova Scotia,Hip Fracture Repair,2022,24.566666666666663,559.0,-2.5
Nova Scotia,Hip Fracture Repair,2023,24.5,571.0,-2.5
Nova Scotia,Hip Fracture Repair/Emergency and Inpatient,2013,25.108333335,0.0,0.0
Nova Scotia,Hip Fracture Repair/Emergency and Inpatient,2014,25.108333335,0.0,0.0
Nova Scotia,Hip Fracture Repair/Emergency and Inpatient,2015,25.108333335,0.0,0.0
Nova Scotia,Hip Fracture Repair/Emergency and Inpatient,2016,25.108333335,0.0,0.0
Nova Scotia,Hip Fracture Repair/Emergency and Inpatient,2017,25.108333335,0.0,0.0
Nova Scotia,Hip Fracture Repair/Emergency and Inpatient,2018,25.108333335,0.0,0.0
Nova Scotia,Hip Fracture Repair/Emergency and Inpatient,2019,25.108333335,0.0,0.0
Nova Scotia,Hip Fracture Repair/Emergency and Inpatient,2020,25.108333335,0.0,0.0
Nova Scotia,Hip Fracture Repair/Emergency and Inpatient,2021,25.108333335,0.0,0.0
Nova Scotia,Hip Fracture Repair/Emergency and Inpatient,2022,25.108333335,0.0,0.0
Nova Scotia,Hip Fracture Repair/Emergency and Inpatient,2023,25.108333335,0.0,0.0
Nova Scotia,Hip Replacement,2013,4344.0,523.0,360.0
Nova Scotia,Hip Replacement,2014,4296.0,532.0,360.0
Nova Scotia,Hip Replacement,2015,4152.0,575.0,360.0
Nova Scotia,Hip Replacement,2016,3648.0,600.0,360.0
Nova Scotia,Hip Replacement,2017,4296.0,670.0,360.0
Nova Scotia,Hip Replacement,2018,4464.0,684.0,360.0
Nova Scotia,Hip Replacement,2019,3792.0,798.0,360.0
Nova Scotia,Hip Replacement,2020,4560.0,390.0,360.0
Nova Scotia,Hip Replacement,2021,3648.0,564.0,360.0
Nova Scotia,Hip Replacement,2022,4584.0,745.0,360.0
Nova Scotia,Hip Replacement,2023,3984.0,810.0,360.0
Nova Scotia,Knee Replacement,2013,6528.0,846.0,1608.0
Nova Scotia,Knee Replacement,2014,6024.0,922.0,1608.0
Nova Scotia,Knee Replacement,2015,6504.0,934.0,1608.0
Nova Scotia,Knee Replacement,2016,6240.0,1001.0,1608.0
Nova Scotia,Knee Replacement,2017,6792.0,968.0,1608.0
Nova Scotia,Knee Replacement,2018,4656.0,1244.0,1608.0
Nova Scotia,Knee Replacement,2019,4680.0,1331.0,1608.0
Nova Scotia,Knee Replacement,2020,6480.0,545.0,1608.0
Nova Scotia,Knee Replacement,2021,4296.0,946.0,1608.0
Nova Scotia,Knee Replacement,2022,5400.0,980.0,1608.0
Nova Scotia,Knee Replacement,2023,4920.0,1165.0,1608.0
Nova Scotia,Lung Cancer Surgery,2013,696.0,100.0,-216.0
Nova Scotia,Lung Cancer Surgery,2014,816.0,119.0,-216.0
Nova Scotia,Lung Cancer Surgery,2015,1128.0,133.0,-216.0
Nova Scotia,Lung Cancer Surgery,2016,1080.0,127.0,-216.0
Nova Scotia,Lung Cancer Surgery,2017,912.0,184.0,-216.0
Nova Scotia,Lung Cancer Surgery,2018,864.0,169.0,-216.0
Nova Scotia,Lung Cancer Surgery,2019,1032.0,179.0,-216.0
Nova Scotia,Lung Cancer Surgery,2020,504.0,139.0,-216.0
Nova Scotia,Lung Cancer Surgery,2021,504.0,161.0,-216.0
Nova Scotia,Lung Cancer Surgery,2022,552.0,199.0,-216.0
Nova Scotia,Lung Cancer Surgery,2023,912.0,222.0,-216.0
Nova Scotia,MRI Scan,2013,1056.0,9109.0,-816.0
Nova Scotia,MRI Scan,2014,1392.0,10427.0,-816.0
Nova Scotia,MRI Scan,2015,1320.0,10319.0,-816.0
Nova Scotia,MRI Scan,2016,1368.0,11099.0,-816.0
Nova Scotia,MRI Scan,2017,1152.0,12469.0,-816.0
Nova Scotia,MRI Scan,2018,1368.0,13101.0,-816.0
Nova Scotia,MRI Scan,2019,1200.0,13242.0,-816.0
Nova Scotia,MRI Scan,2020,888.0,7683.0,-816.0
Nova Scotia,MRI Scan,2021,1992.0,12044.0,-816.0
Nova Scotia,MRI Scan,2022,2184.0,12679.0,-816.0
Nova Scotia,MRI Scan,2023,1872.0,10899.0,-816.0
Nova Scotia,Prostate Cancer Surgery,2013,1224.0,102.0,-1608.0
Nova Scotia,Prostate Cancer Surgery,2014,1152.0,74.0,-1608.0
Nova Scotia,Prostate Cancer Surgery,2015,1104.0,56.0,-1608.0
Nova Scotia,Prostate Cancer Surgery,2016,960.0,89.0,-1608.0
Nova Scotia,Prostate Cancer Surgery,2017,1128.0,75.0,-1608.0
Nova Scotia,Prostate Cancer Surgery,2018,960.0,83.0,-1608.0
Nova Scotia,Prostate Cancer Surgery,2019,1320.0,91.0,-1608.0
Nova Scotia,Prostate Cancer Surgery,2020,1272.0,99.0,-1608.0
Nova Scotia,Prostate Cancer Surgery,2021,1464.0,106.0,-1608.0
Nova Scotia,Prostate Cancer Surgery,2022,3504.0,100.0,-1608.0
Nova Scotia,Prostate Cancer Surgery,2023,2832.0,124.0,-1608.0
Nova Scotia,Radiation Therapy,2013,240.0,1373.0,-12.0
Nova Scotia,Radiation Therapy,2014,336.0,1366.0,-12.0
Nova Scotia,Radiation Therapy,2015,240.0,1439.0,-12.0
Nova Scotia,Radiation Therapy,2016,264.0,1612.0,-12.0
Nova Scotia,Radiation Therapy,2017,288.0,1493.0,-12.0
Nova Scotia,Radiation Therapy,2018,240.0,1434.0,-12.0
Nova Scotia,Radiation Therapy,2019,240.0,1511.0,-12.0
Nova Scotia,Radiation Therapy,2020,240.0,1518.0,-12.0
Nova Scotia,Radiation Therapy,2021,336.0,1600.0,-12.0
Nova Scotia,Radiation Therapy,2022,432.0,1628.0,-12.0
Nova Scotia,Radiation Therapy,2023,252.0,1502.0,-12.0
Ontario,Bladder Cancer Surgery,2013,552.0,5856.0,-96.0
Ontario,Bladder Cancer Surgery,2014,528.0,6157.0,-96.0
Ontario,Bladder Cancer Surgery,2015,576.0,5996.0,-96.0
Ontario,Bladder Cancer Surgery,2016,576.0,6094.0,-96.0
Ontario,Bladder Cancer Surgery,2017,576.0,5820.0,-96.0
Ontario,Bladder Cancer Surgery,2018,552.0,5853.0,-96.0
Ontario,Bladder Cancer Surgery,2019,552.0,5841.0,-96.0
Ontario,Bladder Cancer Surgery,2020,480.0,4799.0,-96.0
Ontario,Bladder Cancer Surgery,2021,528.0,5366.0,-96.0
Ontario,Bladder Cancer Surgery,2022,648.0,5601.0,-96.0
Ontario,Bladder Cancer Surgery,2023,648.0,6002.0,-96.0
Ontario,Breast Cancer Surgery,2013,408.0,5830.0,-72.0
Ontario,Breast Cancer Surgery,2014,384.0,6019.0,-72.0
Ontario,Breast Cancer Surgery,2015,384.0,5811.0,-72.0
Ontario,Breast Cancer Surgery,2016,384.0,5911.0,-72.0
Ontario,Breast Cancer Surgery,2017,360.0,5855.0,-72.0
Ontario,Breast Cancer Surgery,2018,384.0,6046.0,-72.0
Ontario,Breast Cancer Surgery,2019,384.0,6407.0,-72.0
Ontario,Breast Cancer Surgery,2020,360.0,4530.0,-72.0
Ontario,Breast Cancer Surgery,2021,384.0,6219.0,-72.0
Ontario,Breast Cancer Surgery,2022,456.0,6719.0,-72.0
Ontario,Breast Cancer Surgery,2023,480.0,7160.0,-72.0
Ontario,CABG,2013,168.0,3047.0,-24.0
Ontario,CABG,2014,168.0,2947.0,-24.0
Ontario,CABG,2015,192.0,3055.0,-24.0
Ontario,CABG,2016,204.0,3146.0,-24.0
Ontario,CABG,2017,204.0,3062.0,-24.0
Ontario,CABG,2018,168.0,3040.0,-24.0
Ontario,CABG,2019,192.0,3102.0,-24.0
Ontario,CABG,2020,144.0,2338.0,-24.0
Ontario,CABG,2021,168.0,2676.0,-24.0
Ontario,CABG,2022,192.0,2992.0,-24.0
Ontario,CABG,2023,192.0,3056.0,-24.0
Ontario,CT Scan,2013,168.0,364295.0,-48.0
Ontario,CT Scan,2014,168.0,375480.0,-48.0
Ontario,CT Scan,2015,168.0,365817.0,-48.0
Ontario,CT Scan,2016,144.0,448755.0,-48.0
Ontario,CT Scan,2017,144.0,486038.0,-48.0
Ontario,CT Scan,2018,144.0,502736.0,-48.0
Ontario,CT Scan,2019,144.0,508517.0,-48.0
Ontario,CT Scan,2020,72.0,401108.0,-48.0
Ontario,CT Scan,2021,120.0,513775.0,-48.0
Ontario,CT Scan,2022,192.0,518597.0,-48.0
Ontario,CT Scan,2023,216.0,596973.0,-48.0
Ontario,Cataract surgery,2013,1200.0,65873.0,-576.0
Ontario,Cataract surgery,2014,1200.0,65160.0,-576.0
Ontario,Cataract surgery,2015,1488.0,64098.0,-576.0
Ontario,Cataract surgery,2016,1560.0,66098.0,-576.0
Ontario,Cataract surgery,2017,1608.0,64142.0,-576.0
Ontario,Cataract surgery,2018,1560.0,68522.0,-576.0
Ontario,Cataract surgery,2019,1512.0,69587.0,-576.0
Ontario,Cataract surgery,2020,3648.0,29199.0,-576.0
Ontario,Cataract surgery,2021,2112.0,52643.0,-576.0
Ontario,Cataract surgery,2022,2088.0,71042.0,-576.0
Ontario,Cataract surgery,2023,1776.0,74360.0,-576.0
Ontario,Colorectal Cancer Surgery,2013,432.0,2755.0,-72.0
Ontario,Colorectal Cancer Surgery,2014,432.0,2672.0,-72.0
Ontario,Colorectal Cancer Surgery,2015,432.0,2698.0,-72.0
Ontario,Colorectal Cancer Surgery,2016,432.0,2570.0,-72.0
Ontario,Colorectal Cancer Surgery,2017,456.0,2300.0,-72.0
Ontario,Colorectal Cancer Surgery,2018,432.0,2366.0,-72.0
Ontario,Colorectal Cancer Surgery,2019,456.0,2329.0,-72.0
Ontario,Colorectal Cancer Surgery,2020,384.0,1908.0,-72.0
Ontario,Colorectal Cancer Surgery,2021,408.0,2504.0,-72.0
Ontario,Colorectal Cancer Surgery,2022,480.0,2451.0,-72.0
Ontario,Colorectal Cancer Surgery,2023,504.0,2572.0,-72.0
Ontario,Hip Fracture Repair,2013,24.0,5498.0,-1.4499999999999993
Ontario,Hip Fracture Repair,2014,24.0,5467.0,-1.4499999999999993
Ontario,Hip Fracture Repair,2015,23.0,5546.0,-1.4499999999999993
Ontario,Hip Fracture Repair,2016,23.0,5639.0,-1.4499999999999993
Ontario,Hip Fracture Repair,2017,23.23333333333333,5306.0,-1.4499999999999993
Ontario,Hip Fracture Repair,2018,23.633333333333333,5610.0,-1.4499999999999993
Ontario,Hip Fracture Repair,2019,24.0,5601.0,-1.4499999999999993
Ontario,Hip Fracture Repair,2020,24.2,5381.0,-1.4499999999999993
Ontario,Hip Fracture Repair,2021,24.633333333333333,5739.0,-1.4499999999999993
Ontario,Hip Fracture Repair,2022,27.066666666666663,6086.0,-1.4499999999999993
Ontario,Hip Fracture Repair,2023,25.45,6107.0,-1.4499999999999993
Ontario,Hip Fracture Repair/Emergency and Inpatient,2013,29.0,4975.0,-3.441666666666663
Ontario,Hip Fracture Repair/Emergency and Inpatient,2014,29.0,4948.0,-3.441666666666663
Ontario,Hip Fracture Repair/Emergency and Inpatient,2015,28.0,5066.0,-3.441666666666663
Ontario,Hip Fracture Repair/Emergency and Inpatient,2016,29.0,5104.0,-3.441666666666663
Ontario,Hip Fracture Repair/Emergency and Inpatient,2017,28.35,4919.0,-3.441666666666663
Ontario,Hip Fracture Repair/Emergency and Inpatient,2018,28.916666666666668,5146.0,-3.441666666666663
Ontario,Hip Fracture Repair/Emergency and Inpatient,2019,29.766666666666666,5101.0,-3.441666666666663
Ontario,Hip Fracture Repair/Emergency and Inpatient,2020,29.65,5061.0,-3.441666666666663
Ontario,Hip Fracture Repair/Emergency and Inpatient,2021,30.34166667,5282.0,-3.441666666666663
Ontario,Hip Fracture Repair/Emergency and Inpatient,2022,35.9,5561.0,-3.441666666666663
Ontario,Hip Fracture Repair/Emergency and Inpatient,2023,32.44166666666666,5610.0,-3.441666666666663
Ontario,Hip Replacement,2013,1680.0,7093.0,-504.0
Ontario,Hip Replacement,2014,1704.0,7323.0,-504.0
Ontario,Hip Replacement,2015,1800.0,7700.0,-504.0
Ontario,Hip Replacement,2016,1920.0,7953.0,-504.0
Ontario,Hip Replacement,2017,1968.0,8217.0,-504.0
Ontario,Hip Replacement,2018,1848.0,8723.0,-504.0
Ontario,Hip Replacement,2019,1848.0,8823.0,-504.0
Ontario,Hip Replacement,2020,3384.0,5281.0,-504.0
Ontario,Hip Replacement,2021,2496.0,7212.0,-504.0
Ontario,Hip Replacement,2022,2592.0,9643.0,-504.0
Ontario,Hip Replacement,2023,2184.0,11082.0,-504.0
Ontario,Knee Replacement,2013,1896.0,12499.0,-360.0
Ontario,Knee Replacement,2014,1800.0,12480.0,-360.0
Ontario,Knee Replacement,2015,1920.0,13031.0,-360.0
Ontario,Knee Replacement,2016,2064.0,13880.0,-360.0
Ontario,Knee Replacement,2017,2208.0,13801.0,-360.0
Ontario,Knee Replacement,2018,2040.0,15183.0,-360.0
Ontario,Knee Replacement,2019,2040.0,15647.0,-360.0
Ontario,Knee Replacement,2020,3912.0,7612.0,-360.0
Ontario,Knee Replacement,2021,2688.0,10572.0,-360.0
Ontario,Knee Replacement,2022,2808.0,15117.0,-360.0
Ontario,Knee Replacement,2023,2256.0,17962.0,-360.0
Ontario,Lung Cancer Surgery,2013,456.0,1540.0,-48.0
Ontario,Lung Cancer Surgery,2014,432.0,1476.0,-48.0
Ontario,Lung Cancer Surgery,2015,432.0,1658.0,-48.0
Ontario,Lung Cancer Surgery,2016,408.0,1553.0,-48.0
Ontario,Lung Cancer Surgery,2017,384.0,1687.0,-48.0
Ontario,Lung Cancer Surgery,2018,456.0,1513.0,-48.0
Ontario,Lung Cancer Surgery,2019,456.0,1546.0,-48.0
Ontario,Lung Cancer Surgery,2020,432.0,1295.0,-48.0
Ontario,Lung Cancer Surgery,2021,480.0,1388.0,-48.0
Ontario,Lung Cancer Surgery,2022,528.0,1470.0,-48.0
Ontario,Lung Cancer Surgery,2023,504.0,1679.0,-48.0
Ontario,MRI Scan,2013,552.0,291633.0,-360.0
Ontario,MRI Scan,2014,696.0,299918.0,-360.0
Ontario,MRI Scan,2015,864.0,306561.0,-360.0
Ontario,MRI Scan,2016,792.0,347657.0,-360.0
Ontario,MRI Scan,2017,840.0,355639.0,-360.0
Ontario,MRI Scan,2018,840.0,360689.0,-360.0
Ontario,MRI Scan,2019,840.0,356584.0,-360.0
Ontario,MRI Scan,2020,624.0,246448.0,-360.0
Ontario,MRI Scan,2021,696.0,358935.0,-360.0
Ontario,MRI Scan,2022,792.0,370029.0,-360.0
Ontario,MRI Scan,2023,912.0,392356.0,-360.0
Ontario,Prostate Cancer Surgery,2013,840.0,1545.0,-360.0
Ontario,Prostate Cancer Surgery,2014,864.0,1472.0,-360.0
Ontario,Prostate Cancer Surgery,2015,864.0,1479.0,-360.0
Ontario,Prostate Cancer Surgery,2016,912.0,1566.0,-360.0
Ontario,Prostate Cancer Surgery,2017,816.0,1431.0,-360.0
Ontario,Prostate Cancer Surgery,2018,888.0,1424.0,-360.0
Ontario,Prostate Cancer Surgery,2019,960.0,1326.0,-360.0
Ontario,Prostate Cancer Surgery,2020,984.0,1042.0,-360.0
Ontario,Prostate Cancer Surgery,2021,984.0,1013.0,-360.0
Ontario,Prostate Cancer Surgery,2022,1152.0,1194.0,-360.0
Ontario,Prostate Cancer Surgery,2023,1200.0,1347.0,-360.0
Ontario,Radiation Therapy,2013,144.0,15186.0,-91.19999999999999
Ontario,Radiation Therapy,2014,168.0,14917.0,-91.19999999999999
Ontario,Radiation Therapy,2015,168.0,15652.0,-91.19999999999999
Ontario,Radiation Therapy,2016,168.0,15972.0,-91.19999999999999
Ontario,Radiation Therapy,2017,184.8,15740.0,-91.19999999999999
Ontario,Radiation Therapy,2018,184.8,16949.0,-91.19999999999999
Ontario,Radiation Therapy,2019,218.4,17454.0,-91.19999999999999
Ontario,Radiation Therapy,2020,216.0,16121.0,-91.19999999999999
Ontario,Radiation Therapy,2021,235.2,17725.0,-91.19999999999999
Ontario,Radiation Therapy,2022,235.2,17068.0,-91.19999999999999
Ontario,Radiation Therapy,2023,235.2,19365.0,-91.19999999999999
Prince Edward Island,Bladder Cancer Surgery,2013,576.0,41.0,-24.0
Prince Edward Island,Bladder Cancer Surgery,2014,624.0,28.0,-24.0
Prince Edward Island,Bladder Cancer Surgery,2015,888.0,28.0,-24.0
Prince Edward Island,Bladder Cancer Surgery,2016,576.0,16.0,-24.0
Prince Edward Island,Bladder Cancer Surgery,2017,744.0,26.0,-24.0
Prince Edward Island,Bladder Cancer Surgery,2018,672.0,47.0,-24.0
Prince Edward Island,Bladder Cancer Surgery,2019,816.0,37.0,-24.0
Prince Edward Island,Bladder Cancer Surgery,2020,444.0,47.0,-24.0
Prince Edward Island,Bladder Cancer Surgery,2021,456.0,39.0,-24.0
Prince Edward Island,Bladder Cancer Surgery,2022,528.0,31.0,-24.0
Prince Edward Island,Bladder Cancer Surgery,2023,600.0,34.0,-24.0
Prince Edward Island,Breast Cancer Surgery,2013,432.0,46.0,42.0
Prince Edward Island,Breast Cancer Surgery,2014,528.0,64.0,42.0
Prince Edward Island,Breast Cancer Surgery,2015,432.0,59.0,42.0
Prince Edward Island,Breast Cancer Surgery,2016,384.0,50.0,42.0
Prince Edward Island,Breast Cancer Surgery,2017,360.0,36.0,42.0
Prince Edward Island,Breast Cancer Surgery,2018,384.0,66.0,42.0
Prince Edward Island,Breast Cancer Surgery,2019,360.0,58.0,42.0
Prince Edward Island,Breast Cancer Surgery,2020,264.0,47.0,42.0
Prince Edward Island,Breast Cancer Surgery,2021,480.0,46.0,42.0
Prince Edward Island,Breast Cancer Surgery,2022,396.0,64.0,42.0
Prince Edward Island,Breast Cancer Surgery,2023,390.0,54.0,42.0
Prince Edward Island,CABG,2013,191.76,0.0,0.0
Prince Edward Island,CABG,2014,191.76,0.0,0.0
Prince Edward Island,CABG,2015,191.76,0.0,0.0
Prince Edward Island,CABG,2016,191.76,0.0,0.0
Prince Edward Island,CABG,2017,191.76,0.0,0.0
Prince Edward Island,CABG,2018,191.76,0.0,0.0
Prince Edward Island,CABG,2019,191.76,0.0,0.0
Prince Edward Island,CABG,2020,191.76,0.0,0.0
Prince Edward Island,CABG,2021,191.76,0.0,0.0
Prince Edward Island,CABG,2022,191.76,0.0,0.0
Prince Edward Island,CABG,2023,191.76,0.0,0.0
Prince Edward Island,CT Scan,2013,552.0,3176.0,40.7999999999999
Prince Edward Island,CT Scan,2014,552.0,2867.0,40.7999999999999
Prince Edward Island,CT Scan,2015,720.0,3556.0,40.7999999999999
Prince Edward Island,CT Scan,2016,816.0,3671.0,40.7999999999999
Prince Edward Island,CT Scan,2017,1053.6,4400.0,40.7999999999999
Prince Edward Island,CT Scan,2018,432.0,4608.0,40.7999999999999
Prince Edward Island,CT Scan,2019,648.0,4452.0,40.7999999999999
Prince Edward Island,CT Scan,2020,362.4,5769.0,40.7999999999999
Prince Edward Island,CT Scan,2021,643.2,4731.0,40.7999999999999
Prince Edward Island,CT Scan,2022,580.8,5183.0,40.7999999999999
Prince Edward Island,CT Scan,2023,511.2000000000001,8938.0,40.7999999999999
Prince Edward Island,Cataract surgery,2013,2359.2,539.0,-3986.3999999999996
Prince Edward Island,Cataract surgery,2014,2841.6000000000004,532.0,-3986.3999999999996
Prince Edward Island,Cataract surgery,2015,1356.0,554.0,-3986.3999999999996
Prince Edward Island,Cataract surgery,2016,1694.4,486.0,-3986.3999999999996
Prince Edward Island,Cataract surgery,2017,2364.0,577.0,-3986.3999999999996
Prince Edward Island,Cataract surgery,2018,2841.6000000000004,603.0,-3986.3999999999996
Prince Edward Island,Cataract surgery,2019,3998.4,753.0,-3986.3999999999996
Prince Edward Island,Cataract surgery,2020,5508.0,628.0,-3986.3999999999996
Prince Edward Island,Cataract surgery,2021,3876.0,725.0,-3986.3999999999996
Prince Edward Island,Cataract surgery,2022,3036.0,562.0,-3986.3999999999996
Prince Edward Island,Cataract surgery,2023,6345.599999999999,623.0,-3986.3999999999996
Prince Edward Island,Colorectal Cancer Surgery,2013,480.0,48.0,36.0
Prince Edward Island,Colorectal Cancer Surgery,2014,672.0,31.0,36.0
Prince Edward Island,Colorectal Cancer Surgery,2015,528.0,39.0,36.0
Prince Edward Island,Colorectal Cancer Surgery,2016,408.0,45.0,36.0
Prince Edward Island,Colorectal Cancer Surgery,2017,336.0,41.0,36.0
Prince Edward Island,Colorectal Cancer Surgery,2018,372.0,80.0,36.0
Prince Edward Island,Colorectal Cancer Surgery,2019,480.0,35.0,36.0
Prince Edward Island,Colorectal Cancer Surgery,2020,336.0,52.0,36.0
Prince Edward Island,Colorectal Cancer Surgery,2021,492.0,24.0,36.0
Prince Edward Island,Colorectal Cancer Surgery,2022,384.0,41.0,36.0
Prince Edward Island,Colorectal Cancer Surgery,2023,444.0,41.0,36.0
Prince Edward Island,Hip Fracture Repair,2013,31.0,99.0,8.575
Prince Edward Island,Hip Fracture Repair,2014,41.0,24.0,8.575
Prince Edward Island,Hip Fracture Repair,2015,24.0,60.0,8.575
Prince Edward Island,Hip Fracture Repair,2016,24.0,45.0,8.575
Prince Edward Island,Hip Fracture Repair,2017,23.75,82.0,8.575
Prince Edward Island,Hip Fracture Repair,2018,21.1,37.0,8.575
Prince Edward Island,Hip Fracture Repair,2019,16.116666666666667,66.0,8.575
Prince Edward Island,Hip Fracture Repair,2020,11.641666666666666,72.0,8.575
Prince Edward Island,Hip Fracture Repair,2021,17.15,60.0,8.575
Prince Edward Island,Hip Fracture Repair,2022,15.366666666666667,81.0,8.575
Prince Edward Island,Hip Fracture Repair,2023,22.425,63.0,8.575
Prince Edward Island,Hip Fracture Repair/Emergency and Inpatient,2013,23.0,81.0,0.4499999999999993
Prince Edward Island,Hip Fracture Repair/Emergency and Inpatient,2014,28.0,86.0,0.4499999999999993
Prince Edward Island,Hip Fracture Repair/Emergency and Inpatient,2015,31.0,54.0,0.4499999999999993
Prince Edward Island,Hip Fracture Repair/Emergency and Inpatient,2016,25.0,64.0,0.4499999999999993
Prince Edward Island,Hip Fracture Repair/Emergency and Inpatient,2017,22.1,74.0,0.4499999999999993
Prince Edward Island,Hip Fracture Repair/Emergency and Inpatient,2018,25.1,57.0,0.4499999999999993
Prince Edward Island,Hip Fracture Repair/Emergency and Inpatient,2019,15.6,71.0,0.4499999999999993
Prince Edward Island,Hip Fracture Repair/Emergency and Inpatient,2020,9.5,65.0,0.4499999999999993
Prince Edward Island,Hip Fracture Repair/Emergency and Inpatient,2021,17.7,62.0,0.4499999999999993
Prince Edward Island,Hip Fracture Repair/Emergency and Inpatient,2022,15.6,92.0,0.4499999999999993
Prince Edward Island,Hip Fracture Repair/Emergency and Inpatient,2023,22.55,68.0,0.4499999999999993
Prince Edward Island,Hip Replacement,2013,2904.0,78.0,-2649.6000000000004
Prince Edward Island,Hip Replacement,2014,1344.0,101.0,-2649.6000000000004
Prince Edward Island,Hip Replacement,2015,2208.0,83.0,-2649.6000000000004
Prince Edward Island,Hip Replacement,2016,3192.0,86.0,-2649.6000000000004
Prince Edward Island,Hip Replacement,2017,4368.0,76.0,-2649.6000000000004
Prince Edward Island,Hip Replacement,2018,4548.0,109.0,-2649.6000000000004
Prince Edward Island,Hip Replacement,2019,3300.0,106.0,-2649.6000000000004
Prince Edward Island,Hip Replacement,2020,3734.4,119.0,-2649.6000000000004
Prince Edward Island,Hip Replacement,2021,3890.4,142.0,-2649.6000000000004
Prince Edward Island,Hip Replacement,2022,3945.6,83.0,-2649.6000000000004
Prince Edward Island,Hip Replacement,2023,5553.6,111.0,-2649.6000000000004
Prince Edward Island,Knee Replacement,2013,3552.0,173.0,-3321.5999999999995
Prince Edward Island,Knee Replacement,2014,3024.0,153.0,-3321.5999999999995
Prince Edward Island,Knee Replacement,2015,2688.0,139.0,-3321.5999999999995
Prince Edward Island,Knee Replacement,2016,3504.0,145.0,-3321.5999999999995
Prince Edward Island,Knee Replacement,2017,4668.0,145.0,-3321.5999999999995
Prince Edward Island,Knee Replacement,2018,5808.0,176.0,-3321.5999999999995
Prince Edward Island,Knee Replacement,2019,5901.6,176.0,-3321.5999999999995
Prince Edward Island,Knee Replacement,2020,7569.599999999999,185.0,-3321.5999999999995
Prince Edward Island,Knee Replacement,2021,4886.4,279.0,-3321.5999999999995
Prince Edward Island,Knee Replacement,2022,5049.6,173.0,-3321.5999999999995
Prince Edward Island,Knee Replacement,2023,6873.599999999999,175.0,-3321.5999999999995
Prince Edward Island,Lung Cancer Surgery,2013,528.0,0.0,0.0
Prince Edward Island,Lung Cancer Surgery,2014,528.0,0.0,0.0
Prince Edward Island,Lung Cancer Surgery,2015,528.0,0.0,0.0
Prince Edward Island,Lung Cancer Surgery,2016,528.0,0.0,0.0
Prince Edward Island,Lung Cancer Surgery,2017,528.0,0.0,0.0
Prince Edward Island,Lung Cancer Surgery,2018,528.0,0.0,0.0
Prince Edward Island,Lung Cancer Surgery,2019,528.0,0.0,0.0
Prince Edward Island,Lung Cancer Surgery,2020,528.0,0.0,0.0
Prince Edward Island,Lung Cancer Surgery,2021,528.0,0.0,0.0
Prince Edward Island,Lung Cancer Surgery,2022,528.0,0.0,0.0
Prince Edward Island,Lung Cancer Surgery,2023,528.0,0.0,0.0
Prince Edward Island,MRI Scan,2013,1392.0,2092.0,674.4000000000001
Prince Edward Island,MRI Scan,2014,1704.0,1857.0,674.4000000000001
Prince Edward Island,MRI Scan,2015,1344.0,1748.0,674.4000000000001
Prince Edward Island,MRI Scan,2016,1248.0,1911.0,674.4000000000001
Prince Edward Island,MRI Scan,2017,1927.2,2645.0,674.4000000000001
Prince Edward Island,MRI Scan,2018,964.8,2441.0,674.4000000000001
Prince Edward Island,MRI Scan,2019,1087.1999999999998,2253.0,674.4000000000001
Prince Edward Island,MRI Scan,2020,844.8000000000001,2368.0,674.4000000000001
Prince Edward Island,MRI Scan,2021,820.8000000000001,2405.0,674.4000000000001
Prince Edward Island,MRI Scan,2022,988.8,2102.0,674.4000000000001
Prince Edward Island,MRI Scan,2023,717.5999999999999,1653.0,674.4000000000001
Prince Edward Island,Prostate Cancer Surgery,2013,1296.0,7.0,324.0
Prince Edward Island,Prostate Cancer Surgery,2014,648.0,10.0,324.0
Prince Edward Island,Prostate Cancer Surgery,2015,972.0,8.5,324.0
Prince Edward Island,Prostate Cancer Surgery,2016,972.0,8.5,324.0
Prince Edward Island,Prostate Cancer Surgery,2017,972.0,8.5,324.0
Prince Edward Island,Prostate Cancer Surgery,2018,972.0,8.5,324.0
Prince Edward Island,Prostate Cancer Surgery,2019,972.0,8.5,324.0
Prince Edward Island,Prostate Cancer Surgery,2020,972.0,8.5,324.0
Prince Edward Island,Prostate Cancer Surgery,2021,972.0,8.5,324.0
Prince Edward Island,Prostate Cancer Surgery,2022,972.0,8.5,324.0
Prince Edward Island,Prostate Cancer Surgery,2023,972.0,8.5,324.0
Prince Edward Island,Radiation Therapy,2013,360.0,216.0,48.0
Prince Edward Island,Radiation Therapy,2014,336.0,247.0,48.0
Prince Edward Island,Radiation Therapy,2015,288.0,224.0,48.0
Prince Edward Island,Radiation Therapy,2016,288.0,245.0,48.0
Prince Edward Island,Radiation Therapy,2017,312.0,275.0,48.0
Prince Edward Island,Radiation Therapy,2018,192.0,220.0,48.0
Prince Edward Island,Radiation Therapy,2019,240.0,265.0,48.0
Prince Edward Island,Radiation Therapy,2020,283.20000000000005,240.0,48.0
Prince Edward Island,Radiation Therapy,2021,288.0,243.0,48.0
Prince Edward Island,Radiation Therapy,2022,312.0,258.0,48.0
Prince Edward Island,Radiation Therapy,2023,312.0,290.0,48.0
Quebec,Bladder Cancer Surgery,2013,672.0,2639.0,-48.0
Quebec,Bladder Cancer Surgery,2014,648.0,2718.0,-48.0
Quebec,Bladder Cancer Surgery,2015,624.0,2719.0,-48.0
Quebec,Bladder Cancer Surgery,2016,648.0,2954.0,-48.0
Quebec,Bladder Cancer Surgery,2017,624.0,3013.0,-48.0
Quebec,Bladder Cancer Surgery,2018,624.0,3173.0,-48.0
Quebec,Bladder Cancer Surgery,2019,624.0,3148.0,-48.0
Quebec,Bladder Cancer Surgery,2020,576.0,2765.0,-48.0
Quebec,Bladder Cancer Surgery,2021,648.0,3232.0,-48.0
Quebec,Bladder Cancer Surgery,2022,696.0,2949.0,-48.0
Quebec,Bladder Cancer Surgery,2023,720.0,3300.0,-48.0
Quebec,Breast Cancer Surgery,2013,480.0,4286.0,-120.0
Quebec,Breast Cancer Surgery,2014,648.0,4142.0,-120.0
Quebec,Breast Cancer Surgery,2015,504.0,4119.0,-120.0
Quebec,Breast Cancer Surgery,2016,456.0,4157.0,-120.0
Quebec,Breast Cancer Surgery,2017,456.0,4000.0,-120.0
Quebec,Breast Cancer Surgery,2018,456.0,4033.0,-120.0
Quebec,Breast Cancer Surgery,2019,480.0,4102.0,-120.0
Quebec,Breast Cancer Surgery,2020,432.0,3207.0,-120.0
Quebec,Breast Cancer Surgery,2021,528.0,3802.0,-120.0
Quebec,Breast Cancer Surgery,2022,600.0,4017.0,-120.0
Quebec,Breast Cancer Surgery,2023,600.0,4010.0,-120.0
Quebec,CABG,2013,191.76,2482.0,0.0
Quebec,CABG,2014,191.76,2545.0,0.0
Quebec,CABG,2015,191.76,3221.0,0.0
Quebec,CABG,2016,191.76,3403.0,0.0
Quebec,CABG,2017,191.76,3311.0,0.0
Quebec,CABG,2018,191.76,3316.0,0.0
Quebec,CABG,2019,191.76,3304.0,0.0
Quebec,CABG,2020,191.76,2713.0,0.0
Quebec,CABG,2021,191.76,2724.0,0.0
Quebec,CABG,2022,191.76,2845.0,0.0
Quebec,CABG,2023,191.76,2892.0,0.0
Quebec,CT Scan,2013,504.0,0.0,0.0
Quebec,CT Scan,2014,504.0,0.0,0.0
Quebec,CT Scan,2015,504.0,0.0,0.0
Quebec,CT Scan,2016,504.0,0.0,0.0
Quebec,CT Scan,2017,504.0,0.0,0.0
Quebec,CT Scan,2018,504.0,0.0,0.0
Quebec,CT Scan,2019,504.0,0.0,0.0
Quebec,CT Scan,2020,504.0,0.0,0.0
Quebec,CT Scan,2021,504.0,0.0,0.0
Quebec,CT Scan,2022,504.0,0.0,0.0
Quebec,CT Scan,2023,504.0,0.0,0.0
Quebec,Cataract surgery,2013,744.0,48965.0,-744.0
Quebec,Cataract surgery,2014,768.0,46829.0,-744.0
Quebec,Cataract surgery,2015,840.0,45079.0,-744.0
Quebec,Cataract surgery,2016,1320.0,45716.0,-744.0
Quebec,Cataract surgery,2017,984.0,45660.0,-744.0
Quebec,Cataract surgery,2018,984.0,46767.0,-744.0
Quebec,Cataract surgery,2019,1008.0,47769.0,-744.0
Quebec,Cataract surgery,2020,2376.0,20890.0,-744.0
Quebec,Cataract surgery,2021,1560.0,38955.0,-744.0
Quebec,Cataract surgery,2022,1560.0,39331.0,-744.0
Quebec,Cataract surgery,2023,1488.0,40653.0,-744.0
Quebec,Colorectal Cancer Surgery,2013,480.0,2329.0,-120.0
Quebec,Colorectal Cancer Surgery,2014,504.0,2206.0,-120.0
Quebec,Colorectal Cancer Surgery,2015,528.0,2206.0,-120.0
Quebec,Colorectal Cancer Surgery,2016,504.0,2132.0,-120.0
Quebec,Colorectal Cancer Surgery,2017,480.0,1972.0,-120.0
Quebec,Colorectal Cancer Surgery,2018,504.0,2008.0,-120.0
Quebec,Colorectal Cancer Surgery,2019,504.0,1886.0,-120.0
Quebec,Colorectal Cancer Surgery,2020,456.0,1319.0,-120.0
Quebec,Colorectal Cancer Surgery,2021,528.0,1580.0,-120.0
Quebec,Colorectal Cancer Surgery,2022,576.0,1725.0,-120.0
Quebec,Colorectal Cancer Surgery,2023,600.0,1650.0,-120.0
Quebec,Hip Fracture Repair,2013,22.0,0.0,0.0
Quebec,Hip Fracture Repair,2014,22.0,0.0,0.0
Quebec,Hip Fracture Repair,2015,22.0,0.0,0.0
Quebec,Hip Fracture Repair,2016,22.0,0.0,0.0
Quebec,Hip Fracture Repair,2017,22.0,0.0,0.0
Quebec,Hip Fracture Repair,2018,22.0,0.0,0.0
Quebec,Hip Fracture Repair,2019,22.0,0.0,0.0
Quebec,Hip Fracture Repair,2020,22.0,0.0,0.0
Quebec,Hip Fracture Repair,2021,22.0,0.0,0.0
Quebec,Hip Fracture Repair,2022,22.0,0.0,0.0
Quebec,Hip Fracture Repair,2023,22.0,0.0,0.0
Quebec,Hip Fracture Repair/Emergency and Inpatient,2013,25.108333335,0.0,0.0
Quebec,Hip Fracture Repair/Emergency and Inpatient,2014,25.108333335,0.0,0.0
Quebec,Hip Fracture Repair/Emergency and Inpatient,2015,25.108333335,0.0,0.0
Quebec,Hip Fracture Repair/Emergency and Inpatient,2016,25.108333335,0.0,0.0
Quebec,Hip Fracture Repair/Emergency and Inpatient,2017,25.108333335,0.0,0.0
Quebec,Hip Fracture Repair/Emergency and Inpatient,2018,25.108333335,0.0,0.0
Quebec,Hip Fracture Repair/Emergency and Inpatient,2019,25.108333335,0.0,0.0
Quebec,Hip Fracture Repair/Emergency and Inpatient,2020,25.108333335,0.0,0.0
Quebec,Hip Fracture Repair/Emergency and Inpatient,2021,25.108333335,0.0,0.0
Quebec,Hip Fracture Repair/Emergency and Inpatient,2022,25.108333335,0.0,0.0
Quebec,Hip Fracture Repair/Emergency and Inpatient,2023,25.108333335,0.0,0.0
Quebec,Hip Replacement,2013,2040.0,3021.0,-2160.0
Quebec,Hip Replacement,2014,1992.0,3093.0,-2160.0
Quebec,Hip Replacement,2015,1968.0,3264.0,-2160.0
Quebec,Hip Replacement,2016,1992.0,3381.0,-2160.0
Quebec,Hip Replacement,2017,2232.0,3373.0,-2160.0
Quebec,Hip Replacement,2018,2328.0,3756.0,-2160.0
Quebec,Hip Replacement,2019,2520.0,3756.0,-2160.0
Quebec,Hip Replacement,2020,3912.0,2193.0,-2160.0
Quebec,Hip Replacement,2021,4224.0,3495.0,-2160.0
Quebec,Hip Replacement,2022,4872.0,3674.0,-2160.0
Quebec,Hip Replacement,2023,4200.0,4026.0,-2160.0
Quebec,Knee Replacement,2013,2304.0,4766.0,-3600.0
Quebec,Knee Replacement,2014,2112.0,4852.0,-3600.0
Quebec,Knee Replacement,2015,2256.0,5081.0,-3600.0
Quebec,Knee Replacement,2016,2328.0,5329.0,-3600.0
Quebec,Knee Replacement,2017,2424.0,5200.0,-3600.0
Quebec,Knee Replacement,2018,2784.0,5380.0,-3600.0
Quebec,Knee Replacement,2019,2832.0,5297.0,-3600.0
Quebec,Knee Replacement,2020,4848.0,2408.0,-3600.0
Quebec,Knee Replacement,2021,4944.0,4232.0,-3600.0
Quebec,Knee Replacement,2022,6384.0,5151.0,-3600.0
Quebec,Knee Replacement,2023,5904.0,5619.0,-3600.0
Quebec,Lung Cancer Surgery,2013,480.0,1305.0,-168.0
Quebec,Lung Cancer Surgery,2014,528.0,1245.0,-168.0
Quebec,Lung Cancer Surgery,2015,528.0,1306.0,-168.0
Quebec,Lung Cancer Surgery,2016,504.0,1382.0,-168.0
Quebec,Lung Cancer Surgery,2017,504.0,1278.0,-168.0
Quebec,Lung Cancer Surgery,2018,600.0,1363.0,-168.0
Quebec,Lung Cancer Surgery,2019,648.0,1378.0,-168.0
Quebec,Lung Cancer Surgery,2020,576.0,1136.0,-168.0
Quebec,Lung Cancer Surgery,2021,600.0,1158.0,-168.0
Quebec,Lung Cancer Surgery,2022,648.0,1182.0,-168.0
Quebec,Lung Cancer Surgery,2023,648.0,1302.0,-168.0
Quebec,MRI Scan,2013,1152.0,0.0,0.0
Quebec,MRI Scan,2014,1152.0,0.0,0.0
Quebec,MRI Scan,2015,1152.0,0.0,0.0
Quebec,MRI Scan,2016,1152.0,0.0,0.0
Quebec,MRI Scan,2017,1152.0,0.0,0.0
Quebec,MRI Scan,2018,1152.0,0.0,0.0
Quebec,MRI Scan,2019,1152.0,0.0,0.0
Quebec,MRI Scan,2020,1152.0,0.0,0.0
Quebec,MRI Scan,2021,1152.0,0.0,0.0
Quebec,MRI Scan,2022,1152.0,0.0,0.0
Quebec,MRI Scan,2023,1152.0,0.0,0.0
Quebec,Prostate Cancer Surgery,2013,936.0,1121.0,-192.0
Quebec,Prostate Cancer Surgery,2014,816.0,901.0,-192.0
Quebec,Prostate Cancer Surgery,2015,816.0,801.0,-192.0
Quebec,Prostate Cancer Surgery,2016,864.0,745.0,-192.0
Quebec,Prostate Cancer Surgery,2017,840.0,865.0,-192.0
Quebec,Prostate Cancer Surgery,2018,984.0,779.0,-192.0
Quebec,Prostate Cancer Surgery,2019,960.0,759.0,-192.0
Quebec,Prostate Cancer Surgery,2020,1008.0,703.0,-192.0
Quebec,Prostate Cancer Surgery,2021,864.0,707.0,-192.0
Quebec,Prostate Cancer Surgery,2022,1104.0,711.0,-192.0
Quebec,Prostate Cancer Surgery,2023,1128.0,687.0,-192.0
Quebec,Radiation Therapy,2013,235.2,11691.0,0.0
Quebec,Radiation Therapy,2014,235.2,11821.0,0.0
Quebec,Radiation Therapy,2015,235.2,11736.0,0.0
Quebec,Radiation Therapy,2016,235.2,12104.0,0.0
Quebec,Radiation Therapy,2017,235.2,12305.0,0.0
Quebec,Radiation Therapy,2018,235.2,12772.0,0.0
Quebec,Radiation Therapy,2019,235.2,12942.0,0.0
Quebec,Radiation Therapy,2020,235.2,11585.0,0.0
Quebec,Radiation Therapy,2021,235.2,12590.0,0.0
Quebec,Radiation Therapy,2022,235.2,12752.0,0.0
Quebec,Radiation Therapy,2023,235.2,13525.0,0.0
Saskatchewan,Bladder Cancer Surgery,2013,384.0,229.0,-96.0
Saskatchewan,Bladder Cancer Surgery,2014,360.0,223.0,-96.0
Saskatchewan,Bladder Cancer Surgery,2015,384.0,233.0,-96.0
Saskatchewan,Bladder Cancer Surgery,2016,360.0,276.0,-96.0
Saskatchewan,Bladder Cancer Surgery,2017,432.0,254.0,-96.0
Saskatchewan,Bladder Cancer Surgery,2018,384.0,259.0,-96.0
Saskatchewan,Bladder Cancer Surgery,2019,384.0,317.0,-96.0
Saskatchewan,Bladder Cancer Surgery,2020,360.0,242.0,-96.0
Saskatchewan,Bladder Cancer Surgery,2021,384.0,307.0,-96.0
Saskatchewan,Bladder Cancer Surgery,2022,360.0,323.0,-96.0
Saskatchewan,Bladder Cancer Surgery,2023,480.0,310.0,-96.0
Saskatchewan,Breast Cancer Surgery,2013,408.0,344.0,-192.0
Saskatchewan,Breast Cancer Surgery,2014,336.0,356.0,-192.0
Saskatchewan,Breast Cancer Surgery,2015,432.0,397.0,-192.0
Saskatchewan,Breast Cancer Surgery,2016,456.0,388.0,-192.0
Saskatchewan,Breast Cancer Surgery,2017,504.0,332.0,-192.0
Saskatchewan,Breast Cancer Surgery,2018,384.0,373.0,-192.0
Saskatchewan,Breast Cancer Surgery,2019,444.0,396.0,-192.0
Saskatchewan,Breast Cancer Surgery,2020,288.0,317.0,-192.0
Saskatchewan,Breast Cancer Surgery,2021,456.0,387.0,-192.0
Saskatchewan,Breast Cancer Surgery,2022,552.0,428.0,-192.0
Saskatchewan,Breast Cancer Surgery,2023,600.0,577.0,-192.0
Saskatchewan,CABG,2013,72.0,253.0,-72.0
Saskatchewan,CABG,2014,72.0,218.0,-72.0
Saskatchewan,CABG,2015,96.0,207.0,-72.0
Saskatchewan,CABG,2016,72.0,206.0,-72.0
Saskatchewan,CABG,2017,72.0,181.0,-72.0
Saskatchewan,CABG,2018,72.0,191.0,-72.0
Saskatchewan,CABG,2019,96.0,177.0,-72.0
Saskatchewan,CABG,2020,96.0,120.0,-72.0
Saskatchewan,CABG,2021,144.0,109.0,-72.0
Saskatchewan,CABG,2022,120.0,159.0,-72.0
Saskatchewan,CABG,2023,144.0,172.0,-72.0
Saskatchewan,CT Scan,2013,312.0,12148.0,-240.0
Saskatchewan,CT Scan,2014,492.0,22976.0,-240.0
Saskatchewan,CT Scan,2015,504.0,19705.0,-240.0
Saskatchewan,CT Scan,2016,456.0,23407.0,-240.0
Saskatchewan,CT Scan,2017,408.0,22545.0,-240.0
Saskatchewan,CT Scan,2018,456.0,23812.0,-240.0
Saskatchewan,CT Scan,2019,600.0,24733.0,-240.0
Saskatchewan,CT Scan,2020,480.0,18683.0,-240.0
Saskatchewan,CT Scan,2021,648.0,21462.0,-240.0
Saskatchewan,CT Scan,2022,744.0,25974.0,-240.0
Saskatchewan,CT Scan,2023,552.0,25260.0,-240.0
Saskatchewan,Cataract surgery,2013,1608.0,3573.0,-192.0
Saskatchewan,Cataract surgery,2014,960.0,3850.0,-192.0
Saskatchewan,Cataract surgery,2015,840.0,3567.0,-192.0
Saskatchewan,Cataract surgery,2016,1440.0,3509.0,-192.0
Saskatchewan,Cataract surgery,2017,1416.0,3783.0,-192.0
Saskatchewan,Cataract surgery,2018,1944.0,3981.0,-192.0
Saskatchewan,Cataract surgery,2019,2040.0,4091.0,-192.0
Saskatchewan,Cataract surgery,2020,3408.0,2624.0,-192.0
Saskatchewan,Cataract surgery,2021,2016.0,4155.0,-192.0
Saskatchewan,Cataract surgery,2022,1848.0,4525.0,-192.0
Saskatchewan,Cataract surgery,2023,1800.0,5328.0,-192.0
Saskatchewan,Colorectal Cancer Surgery,2013,336.0,282.0,-168.0
Saskatchewan,Colorectal Cancer Surgery,2014,360.0,263.0,-168.0
Saskatchewan,Colorectal Cancer Surgery,2015,384.0,227.0,-168.0
Saskatchewan,Colorectal Cancer Surgery,2016,456.0,238.0,-168.0
Saskatchewan,Colorectal Cancer Surgery,2017,456.0,213.0,-168.0
Saskatchewan,Colorectal Cancer Surgery,2018,384.0,184.0,-168.0
Saskatchewan,Colorectal Cancer Surgery,2019,384.0,179.0,-168.0
Saskatchewan,Colorectal Cancer Surgery,2020,348.0,148.0,-168.0
Saskatchewan,Colorectal Cancer Surgery,2021,480.0,180.0,-168.0
Saskatchewan,Colorectal Cancer Surgery,2022,576.0,176.0,-168.0
Saskatchewan,Colorectal Cancer Surgery,2023,504.0,201.0,-168.0
Saskatchewan,Hip Fracture Repair,2013,24.0,424.0,-8.549999999999997
Saskatchewan,Hip Fracture Repair,2014,24.0,345.0,-8.549999999999997
Saskatchewan,Hip Fracture Repair,2015,25.0,532.0,-8.549999999999997
Saskatchewan,Hip Fracture Repair,2016,30.0,481.0,-8.549999999999997
Saskatchewan,Hip Fracture Repair,2017,26.71666666666667,442.0,-8.549999999999997
Saskatchewan,Hip Fracture Repair,2018,32.86666666666667,507.0,-8.549999999999997
Saskatchewan,Hip Fracture Repair,2019,26.666666666666668,527.0,-8.549999999999997
Saskatchewan,Hip Fracture Repair,2020,26.6,515.0,-8.549999999999997
Saskatchewan,Hip Fracture Repair,2021,27.53333333333333,521.0,-8.549999999999997
Saskatchewan,Hip Fracture Repair,2022,31.741666666666667,524.0,-8.549999999999997
Saskatchewan,Hip Fracture Repair,2023,32.55,570.0,-8.549999999999997
Saskatchewan,Hip Fracture Repair/Emergency and Inpatient,2013,25.108333335,0.0,0.0
Saskatchewan,Hip Fracture Repair/Emergency and Inpatient,2014,25.108333335,0.0,0.0
Saskatchewan,Hip Fracture Repair/Emergency and Inpatient,2015,25.108333335,0.0,0.0
Saskatchewan,Hip Fracture Repair/Emergency and Inpatient,2016,25.108333335,0.0,0.0
Saskatchewan,Hip Fracture Repair/Emergency and Inpatient,2017,25.108333335,0.0,0.0
Saskatchewan,Hip Fracture Repair/Emergency and Inpatient,2018,25.108333335,0.0,0.0
Saskatchewan,Hip Fracture Repair/Emergency and Inpatient,2019,25.108333335,0.0,0.0
Saskatchewan,Hip Fracture Repair/Emergency and Inpatient,2020,25.108333335,0.0,0.0
Saskatchewan,Hip Fracture Repair/Emergency and Inpatient,2021,25.108333335,0.0,0.0
Saskatchewan,Hip Fracture Repair/Emergency and Inpatient,2022,25.108333335,0.0,0.0
Saskatchewan,Hip Fracture Repair/Emergency and Inpatient,2023,25.108333335,0.0,0.0
Saskatchewan,Hip Replacement,2013,2376.0,782.0,-3192.0
Saskatchewan,Hip Replacement,2014,1512.0,738.0,-3192.0
Saskatchewan,Hip Replacement,2015,1272.0,794.0,-3192.0
Saskatchewan,Hip Replacement,2016,2016.0,708.0,-3192.0
Saskatchewan,Hip Replacement,2017,2352.0,762.0,-3192.0
Saskatchewan,Hip Replacement,2018,2808.0,800.0,-3192.0
Saskatchewan,Hip Replacement,2019,4656.0,874.0,-3192.0
Saskatchewan,Hip Replacement,2020,5652.0,462.0,-3192.0
Saskatchewan,Hip Replacement,2021,5616.0,687.0,-3192.0
Saskatchewan,Hip Replacement,2022,7416.0,1116.0,-3192.0
Saskatchewan,Hip Replacement,2023,5568.0,1264.0,-3192.0
Saskatchewan,Knee Replacement,2013,3072.0,1501.0,-4560.0
Saskatchewan,Knee Replacement,2014,1680.0,1417.0,-4560.0
Saskatchewan,Knee Replacement,2015,1488.0,1202.0,-4560.0
Saskatchewan,Knee Replacement,2016,2616.0,1139.0,-4560.0
Saskatchewan,Knee Replacement,2017,3408.0,1289.0,-4560.0
Saskatchewan,Knee Replacement,2018,4032.0,1310.0,-4560.0
Saskatchewan,Knee Replacement,2019,6108.0,1358.0,-4560.0
Saskatchewan,Knee Replacement,2020,7248.0,643.0,-4560.0
Saskatchewan,Knee Replacement,2021,9984.0,913.0,-4560.0
Saskatchewan,Knee Replacement,2022,11196.0,1664.0,-4560.0
Saskatchewan,Knee Replacement,2023,7632.0,2202.0,-4560.0
Saskatchewan,Lung Cancer Surgery,2013,168.0,72.0,-384.0
Saskatchewan,Lung Cancer Surgery,2014,336.0,75.0,-384.0
Saskatchewan,Lung Cancer Surgery,2015,360.0,54.0,-384.0
Saskatchewan,Lung Cancer Surgery,2016,312.0,71.0,-384.0
Saskatchewan,Lung Cancer Surgery,2017,384.0,63.0,-384.0
Saskatchewan,Lung Cancer Surgery,2018,312.0,58.0,-384.0
Saskatchewan,Lung Cancer Surgery,2019,324.0,80.0,-384.0
Saskatchewan,Lung Cancer Surgery,2020,360.0,67.0,-384.0
Saskatchewan,Lung Cancer Surgery,2021,432.0,56.0,-384.0
Saskatchewan,Lung Cancer Surgery,2022,456.0,69.0,-384.0
Saskatchewan,Lung Cancer Surgery,2023,552.0,80.0,-384.0
Saskatchewan,MRI Scan,2013,672.0,12100.0,-216.0
Saskatchewan,MRI Scan,2014,804.0,12072.0,-216.0
Saskatchewan,MRI Scan,2015,768.0,11584.0,-216.0
Saskatchewan,MRI Scan,2016,1152.0,11459.0,-216.0
Saskatchewan,MRI Scan,2017,816.0,12148.0,-216.0
Saskatchewan,MRI Scan,2018,792.0,12305.0,-216.0
Saskatchewan,MRI Scan,2019,1152.0,12044.0,-216.0
Saskatchewan,MRI Scan,2020,744.0,8665.0,-216.0
Saskatchewan,MRI Scan,2021,720.0,12638.0,-216.0
Saskatchewan,MRI Scan,2022,1176.0,11707.0,-216.0
Saskatchewan,MRI Scan,2023,888.0,12418.0,-216.0
Saskatchewan,Prostate Cancer Surgery,2013,1224.0,108.0,0.0
Saskatchewan,Prostate Cancer Surgery,2014,1032.0,79.0,0.0
Saskatchewan,Prostate Cancer Surgery,2015,1152.0,110.0,0.0
Saskatchewan,Prostate Cancer Surgery,2016,1128.0,105.0,0.0
Saskatchewan,Prostate Cancer Surgery,2017,1200.0,82.0,0.0
Saskatchewan,Prostate Cancer Surgery,2018,1008.0,74.0,0.0
Saskatchewan,Prostate Cancer Surgery,2019,1032.0,80.0,0.0
Saskatchewan,Prostate Cancer Surgery,2020,984.0,78.0,0.0
Saskatchewan,Prostate Cancer Surgery,2021,1056.0,89.0,0.0
Saskatchewan,Prostate Cancer Surgery,2022,1296.0,93.0,0.0
Saskatchewan,Prostate Cancer Surgery,2023,1224.0,143.0,0.0
Saskatchewan,Radiation Therapy,2013,120.0,1029.0,-96.0
Saskatchewan,Radiation Therapy,2014,168.0,1081.0,-96.0
Saskatchewan,Radiation Therapy,2015,192.0,1001.0,-96.0
Saskatchewan,Radiation Therapy,2016,168.0,1105.0,-96.0
Saskatchewan,Radiation Therapy,2017,168.0,1031.0,-96.0
Saskatchewan,Radiation Therapy,2018,168.0,1052.0,-96.0
Saskatchewan,Radiation Therapy,2019,192.0,1079.0,-96.0
Saskatchewan,Radiation Therapy,2020,168.0,1173.0,-96.0
Saskatchewan,Radiation Therapy,2021,168.0,1202.0,-96.0
Saskatchewan,Radiation Therapy,2022,168.0,1293.0,-96.0
Saskatchewan,Radiation Therapy,2023,216.0,1292.0,-96.0
